tweet,label,tweet_clean,predicted_label,confidence,correct
gen don spoil mosquitoes wey dey room don dey happy say tonight na for feast,negative,gen don spoil mosquitoes wey dey room don dey happy say tonight na for feast,negative,0.7489033041041654,True
the only time i get issues with una set na the ones for my hostel them mahosa and akon wey dey go divert hustle garri for apian way those guys be terror,negative,the only time i get issues with una set na the ones for my hostel them mahosa and akon wey dey go divert hustle garri for apian way those guys be terror,negative,0.4610152577950609,True
smh some igbo youths wey dey always claim say dem wise,negative,smh some igbo youths wey dey always claim say dem wise,negative,0.6977275483584537,True
hold god strong oo cus babalawo wey dey do charm for u fit las las repent leave u stranded happy sunday all,positive,hold god strong oo cus babalawo wey dey do charm for u fit las las repent leave u stranded happy sunday all,positive,0.5626465986659067,True
my uncle wey promise me money don dey call me big man,negative,my uncle wey promise me money don dey call me big man,negative,0.562923490441481,True
person may ask am for the sofa picture supposed ask am weda e day mad after e say i said my camera is poor because obviously not only is his camera poor his brian is also poor to phantom that those two pictures are absolutely different for god sake,negative,person may ask am for the sofa picture supposed ask am weda e day mad after e say i said my camera is poor because obviously not only is his camera poor his brian is also poor to phantom that those two pictures are absolutely different for god sake,negative,0.7030835453645736,True
this one don come with e chop chop attitude,negative,this one don come with e chop chop attitude,neutral,0.4456358823781182,False
but you no dey baba group dey your dey na na so una wan use your own scatter the peace wey dey the party make you dey chop your ege dey go,negative,but you no dey baba group dey your dey na na so una wan use your own scatter the peace wey dey the party make you dey chop your ege dey go,negative,0.6978352123551603,True
these women in this bus im in too dey talk sha how can you be telling someone you entered bus with about your husband and this one dey pass judgement steady,negative,these women in this bus im in too dey talk sha how can you be telling someone you entered bus with about your husband and this one dey pass judgement steady,negative,0.5692335867895995,True
make e sabi cord,neutral,make e sabi cord,positive,0.8347100565062073,False
only one any other one is a counterfeitif e no be mike e no fit be like mikea fave like no other,negative,only one any other one is a counterfeitif e no be mike e no fit be like mikea fave like no other,negative,0.6106470449810923,True
tag me to better things na i don commot hand from chelsea matter,negative,tag me to better things na i don commot hand from chelsea matter,neutral,0.4428448047225674,False
you gat style baby girl congrats more deals dey front oo make e no shock you as e dey come enn calm down an seal em all,positive,you gat style baby girl congrats more deals dey front oo make e no shock you as e dey come enn calm down an seal em all,positive,0.6827067827406847,True
this ur face wey u bone don pursue the love comot ooo,negative,this ur face wey u bone don pursue the love comot ooo,negative,0.4427941980035841,True
so mamba invited some hmates to her show and dey all started dragging for preek including d smh anywhere is dey must be danger,negative,so mamba invited some hmates to her show and dey all started dragging for preek including d smh anywhere is dey must be danger,negative,0.49267027766823773,True
me sef na human being,neutral,me sef na human being,positive,0.468852068029599,False
you see this life no rush am by the time your beans go done person wey cook indomie go don dey hungry again wait for your time,positive,you see this life no rush am by the time your beans go done person wey cook indomie go don dey hungry again wait for your time,positive,0.603347258779703,True
n toll gate fee na wetin dey trigger u people lol shame,negative,n toll gate fee na wetin dey trigger u people lol shame,negative,0.42771304043747976,True
oluwa pick my call na omo i dn call and pray now na social media i wan call ooo god no go come from heaven ooo na man go run am for e fellow man,negative,oluwa pick my call na omo i dn call and pray now na social media i wan call ooo god no go come from heaven ooo na man go run am for e fellow man,negative,0.4866675638065629,True
caleb university babes dey knack fire fear them them go knack you till you cum blood like say boys no dey the school ‍️ make babe dey tell you say youre not that strong in bed after four solid rounds ‍️ if she tells you faster fasternigga just pull out and go home,negative,caleb university babes dey knack fire fear them them go knack you till you cum blood like say boys no dey the school ️ make babe dey tell you say youre not that strong in bed after four solid rounds ️ if she tells you faster fasternigga just pull out and go home,negative,0.8705228892835662,True
the reason why kaisha dey drink like dis na because of salahshe dey celebrate am for d house,positive,the reason why kaisha dey drink like dis na because of salahshe dey celebrate am for d house,negative,0.5684998069906351,False
baba no whine me o you wey dey feed animals for street sef like this no food for me till next week ‍️ something wey suppose last me for days i don chop am in one day,negative,baba no whine me o you wey dey feed animals for street sef like this no food for me till next week ️ something wey suppose last me for days i don chop am in one day,negative,0.6137675692136452,True
my guy said mefemoi wan buy car transportme thinkingthis guy no get sensecant e see i need moneymy advisegive me the money flex broif you buy the car give driverno ever come cry mefine boi wey wan do hustle wey only werey fit survive,negative,my guy said mefemoi wan buy car transportme thinkingthis guy no get sensecant e see i need moneymy advisegive me the money flex broif you buy the car give driverno ever come cry mefine boi wey wan do hustle wey only werey fit survive,negative,0.5526327286259719,True
na the kind people una dey argue with on twitter be this,negative,na the kind people una dey argue with on twitter be this,negative,0.5426836777063592,True
make una see the meeting wey this baba dey do shey dis one na president sha ur youths are been harassed and even killed as we tweet and everywhere is boiling up but na mali be ur fucking problem we don enter one chance tey tey for naija,negative,make una see the meeting wey this baba dey do shey dis one na president sha ur youths are been harassed and even killed as we tweet and everywhere is boiling up but na mali be ur fucking problem we don enter one chance tey tey for naija,negative,0.7358646173828004,True
wetin u dey even talk any small thing na the generation una wan blame,negative,wetin u dey even talk any small thing na the generation una wan blame,negative,0.7476838576227356,True
aje baba table water from to malt from to na rich man dey chop beta food now when i go blow to take care of people god when,negative,aje baba table water from to malt from to na rich man dey chop beta food now when i go blow to take care of people god when,positive,0.5486541347339542,False
please make e dey fall there because if e try fall for my site i don lose money,negative,please make e dey fall there because if e try fall for my site i don lose money,positive,0.5289789983147603,False
only the thought of this na this dey my mind already si tiny ya enough towel oh,positive,only the thought of this na this dey my mind already si tiny ya enough towel oh,positive,0.4621003618294212,True
no be until i post your picture mean say i love you my momma wey i love️ pass i no dey post her picture and she no dey vex,positive,no be until i post your picture mean say i love you my momma wey i love️ pass i no dey post her picture and she no dey vex,positive,0.5137054926177934,True
warri nor dey carry last our people say las las na bracket first shopnow tshirt tshirt by contact us facebook zitu clothing zituclothingcom,positive,warri nor dey carry last our people say las las na bracket first shopnow tshirt tshirt by contact us facebook zitu clothing zituclothingcom,negative,0.46472376128182225,False
e be like say time don reach sef na who naira epp,positive,e be like say time don reach sef na who naira epp,negative,0.6223852744699754,False
ikr agberos for aba and onitsha parks dey even do am to each other when dem wan fight what is now crocodile,negative,ikr agberos for aba and onitsha parks dey even do am to each other when dem wan fight what is now crocodile,negative,0.6387665907629416,True
you have been giving entrepreneurs students hospital bills what of me wey be doctor i like freebie too we sef na fans,positive,you have been giving entrepreneurs students hospital bills what of me wey be doctor i like freebie too we sef na fans,negative,0.4541977519195098,False
omo see fine bae bae hw far waiting u dey look for here if na bf i dey here for u,positive,omo see fine bae bae hw far waiting u dey look for here if na bf i dey here for u,positive,0.48646762002152755,True
if that girl swear for u dem no de fit return am o why niggaz de fuck up,negative,if that girl swear for u dem no de fit return am o why niggaz de fuck up,negative,0.7639650380944816,True
hot sale️ abeg see customers review e dey gimme joy come and get yours tasted and trusted polo old gra maiduguri,positive,hot sale️ abeg see customers review e dey gimme joy come and get yours tasted and trusted polo old gra maiduguri,positive,0.7014023556319561,True
guy why you just dey speak wetin dey my heart i love it,positive,guy why you just dey speak wetin dey my heart i love it,positive,0.5418366671741404,True
after i have abused you you still continue to view this thread wetin you dey fine you dey madd you chop winch you wan die oya geddifok fuck you damn you,negative,after i have abused you you still continue to view this thread wetin you dey fine you dey madd you chop winch you wan die oya geddifok fuck you damn you,negative,0.5834331140490269,True
me sef i go love ️️,positive,me sef i go love ️️,positive,0.9250435293447227,True
lol so u dey watch dat series nice,positive,lol so u dey watch dat series nice,neutral,0.5892580389650823,False
dey celebrate awi naija pikin wen dey based for londone na english rappersongwriter n singer e name na,positive,dey celebrate awi naija pikin wen dey based for londone na english rappersongwriter n singer e name na,positive,0.6003410317599837,True
happy new week i don dey for site the wait for una order category customize waist bead price,positive,happy new week i don dey for site the wait for una order category customize waist bead price,positive,0.766983843900014,True
lmao guy them don try bend my doors tire,negative,lmao guy them don try bend my doors tire,negative,0.7528865967198918,True
igb you know this things ooo na to dey fire dey go oooooooo,positive,igb you know this things ooo na to dey fire dey go oooooooo,positive,0.7093813534018965,True
na vex i use tey go buy this food sha ended up dressing like a mad man,negative,na vex i use tey go buy this food sha ended up dressing like a mad man,negative,0.8321879565902303,True
please oh my passport is ready who is taking me out nigeria don tire me ‍️‍️‍️‍️,negative,please oh my passport is ready who is taking me out nigeria don tire me ️️️️,negative,0.7896735765146298,True
my tl is so boring tiktok wey dey help person cure boredom sef no gree open since yesterday iru ki wa leleyi oluwa,negative,my tl is so boring tiktok wey dey help person cure boredom sef no gree open since yesterday iru ki wa leleyi oluwa,negative,0.5283443237989833,True
that god forbid enter my bone lool a while iyanya wey get mad hits for west africa e dey pain me olorun,negative,that god forbid enter my bone lool a while iyanya wey get mad hits for west africa e dey pain me olorun,negative,0.44889000031075127,True
i wonder weda na ronaldo tell ole say e wan rest,negative,i wonder weda na ronaldo tell ole say e wan rest,negative,0.5234155152976203,True
where shey u no go go come bless early morning blessing kk e fit reach me as bad belle dem dey sleep,positive,where shey u no go go come bless early morning blessing kk e fit reach me as bad belle dem dey sleep,negative,0.4828942603152478,False
you see all those slay queens wannabe those ones wey go dey chew chewing gum like say na hot swallow fear them oo especially the ones wey dey wear sunshades them sabi fart for africa im a victim,negative,you see all those slay queens wannabe those ones wey go dey chew chewing gum like say na hot swallow fear them oo especially the ones wey dey wear sunshades them sabi fart for africa im a victim,negative,0.47830714495232696,True
wetin e end na cavs win,negative,wetin e end na cavs win,negative,0.45309344482658076,True
omo e be like say bush meat don dey pursue hunter o,negative,omo e be like say bush meat don dey pursue hunter o,negative,0.6167697511668109,True
april don dey finish ooo i never see post like kings and queens are born in april wetin happen abi coro don collect una crown,negative,april don dey finish ooo i never see post like kings and queens are born in april wetin happen abi coro don collect una crown,negative,0.7274172633869735,True
when less becomes more sunday delight cotton fabric no fading no washing yards yards yards even as we dey pay school fees we gat slay click on the link,positive,when less becomes more sunday delight cotton fabric no fading no washing yards yards yards even as we dey pay school fees we gat slay click on the link,negative,0.4438190622411664,False
una don dey overdo am for the benin city which one small pikin when never reach dey do for hk make una calm down chairmen abeg no go spoil smallie life because grown up boys nor dey loyal again shuoooo wetin dey xup na every body must do yahoo,negative,una don dey overdo am for the benin city which one small pikin when never reach dey do for hk make una calm down chairmen abeg no go spoil smallie life because grown up boys nor dey loyal again shuoooo wetin dey xup na every body must do yahoo,negative,0.7449997527135727,True
i beg where u dey see this money dey chop food because laidis e red for me when dey school here oh,negative,i beg where u dey see this money dey chop food because laidis e red for me when dey school here oh,negative,0.6829870546411703,True
you no be balldem want pass u aroundthank god say socratis dey field,positive,you no be balldem want pass u aroundthank god say socratis dey field,positive,0.778108447027598,True
they are nice beautiful till u wan marry demmoney u will spend is enough to buy lands and build houses then after u marry dem once dem born chai oluwa fatty,negative,they are nice beautiful till u wan marry demmoney u will spend is enough to buy lands and build houses then after u marry dem once dem born chai oluwa fatty,negative,0.4508533178716488,True
so we plenty wey dey wear glassesnice,positive,so we plenty wey dey wear glassesnice,neutral,0.562622614124018,False
if anybody dey wey i don offend in one way or the other make una please slide in my dm imma apologize either im at fault or youre at fault i go apologize and let all go its december thanks love always ️,positive,if anybody dey wey i don offend in one way or the other make una please slide in my dm imma apologize either im at fault or youre at fault i go apologize and let all go its december thanks love always ️,positive,0.5940926200495568,True
abeg wetin be the update on pulisic and ziyech are they already back from injury or its fitness or yet to train at all im lost on them,neutral,abeg wetin be the update on pulisic and ziyech are they already back from injury or its fitness or yet to train at all im lost on them,neutral,0.63076025409003,True
boss i was fasting that day about to break fast before kickoff but i was like make i go watch my match before i get myself better thing to chop bro na after days i chop can testify,negative,boss i was fasting that day about to break fast before kickoff but i was like make i go watch my match before i get myself better thing to chop bro na after days i chop can testify,negative,0.4516727189559316,True
e go be later my g na t fare to warri i dey find like this,positive,e go be later my g na t fare to warri i dey find like this,positive,0.5257792554432825,True
her own na standing she no get ticket ‍️,negative,her own na standing she no get ticket ️,negative,0.5409355867940442,True
you wan marry,positive,you wan marry,positive,0.4971827602548139,True
if chelsea cough eh na dem go dey wish dem ban man city for next seasons,negative,if chelsea cough eh na dem go dey wish dem ban man city for next seasons,negative,0.5831986892547391,True
the fish wey get that tail na virgin,positive,the fish wey get that tail na virgin,neutral,0.4358421253751067,False
goddy those peeps they make me para na only dem we never finish sadau own hisbah dey there jumping on saudi arabia king again cos of handshake,negative,goddy those peeps they make me para na only dem we never finish sadau own hisbah dey there jumping on saudi arabia king again cos of handshake,negative,0.7077037311731452,True
get the cheapest data offer from lucid data world una don hear our icon so rush subscribe from lucid data world so una go stream anywhere una day icons we represent,positive,get the cheapest data offer from lucid data world una don hear our icon so rush subscribe from lucid data world so una go stream anywhere una day icons we represent,negative,0.5095576233271504,False
has anyone gone to a store to buy perfumecologne bleu by chanel is now k amourage k creed k na to continue with axe gang o cos im never buying those cheap ass ones they smell like crap even if na oud sef mba,neutral,has anyone gone to a store to buy perfumecologne bleu by chanel is now k amourage k creed k na to continue with axe gang o cos im never buying those cheap ass ones they smell like crap even if na oud sef mba,negative,0.7322980315424146,False
swipe skinny joggers with side stripe‍️ price n̶ ️ color khaki size l dm to order shakarashop online shop wen sabi you sef go dey do shakara warri nigeria,positive,swipe skinny joggers with side stripe️ price n̶ ️ color khaki size l dm to order shakarashop online shop wen sabi you sef go dey do shakara warri nigeria,positive,0.9460972653524876,True
na only for twitter una take dey censor wetin una kids dey listen to oo lol,negative,na only for twitter una take dey censor wetin una kids dey listen to oo lol,negative,0.546566381901821,True
we no fit fight una when we no dey mad i like my phone comrade,positive,we no fit fight una when we no dey mad i like my phone comrade,negative,0.7764159656007212,False
adam n eve una fvck up sha just a reminder this panties de pain joor bra sef na issue,negative,adam n eve una fvck up sha just a reminder this panties de pain joor bra sef na issue,negative,0.5799394209654452,True
na this kind video dey make me dey hungry for marriage but na money and babe remain,positive,na this kind video dey make me dey hungry for marriage but na money and babe remain,positive,0.6277064197154653,True
una sub dey here fakenews peddlers,negative,una sub dey here fakenews peddlers,neutral,0.38811301315831165,False
my stew burn on top say i won engage una post and still una go still dey air my posts experience nah good teacher,negative,my stew burn on top say i won engage una post and still una go still dey air my posts experience nah good teacher,negative,0.6719458631177271,True
na this man fit una like he dont give a fuk,positive,na this man fit una like he dont give a fuk,positive,0.48636517379401845,True
lol na wetin dem dey promote na verbal abuse,negative,lol na wetin dem dey promote na verbal abuse,neutral,0.7908825249975481,False
bro so na the abortion be the vex now common na person force her,negative,bro so na the abortion be the vex now common na person force her,negative,0.8121076407267505,True
me nancy baby shey you know say you be fine geh nancy na so dem dey talk o cc kohinoor lounge,positive,me nancy baby shey you know say you be fine geh nancy na so dem dey talk o cc kohinoor lounge,positive,0.7156497977119335,True
e pass sef e rich oga zayyana days sir alhaji muhammad gajo,neutral,e pass sef e rich oga zayyana days sir alhaji muhammad gajo,positive,0.5006023338977922,False
hi pretty i just want to make things clear to you dear im not dirty️but merely looking at this your picture baby my eye don dirty im so high in love right now soteee i don dey see plenty so baby which designer do u want gucci or fenty️,positive,hi pretty i just want to make things clear to you dear im not dirty️but merely looking at this your picture baby my eye don dirty im so high in love right now soteee i don dey see plenty so baby which designer do u want gucci or fenty️,positive,0.8268122028054986,True
braaaa i nor know o as dem dey half time for euros qualifiers na make me change channel,neutral,braaaa i nor know o as dem dey half time for euros qualifiers na make me change channel,positive,0.5506486371013828,False
wakajugbe na see finish cause am nor vex for your girl‍️ oya compliment me next time i go try do awwww,positive,wakajugbe na see finish cause am nor vex for your girl️ oya compliment me next time i go try do awwww,positive,0.46211608597533493,True
mtchewww una never see anything make i start dey date i go dey show off my babe like champions league trophy,positive,mtchewww una never see anything make i start dey date i go dey show off my babe like champions league trophy,positive,0.688246139281547,True
btw can someone please explain to me why brymo took that picture with gstring on na so e dey take start o,negative,btw can someone please explain to me why brymo took that picture with gstring on na so e dey take start o,negative,0.5580009670230843,True
mehn we cannot kill the spirit na body carry am so body go chop so the spirit fit get house to stay also arizona to keep sharp witty and happy also no forget to smile,positive,mehn we cannot kill the spirit na body carry am so body go chop so the spirit fit get house to stay also arizona to keep sharp witty and happy also no forget to smile,positive,0.523056622053997,True
ussy broke man no dey sleep,negative,ussy broke man no dey sleep,negative,0.8363515719984527,True
she gosoon buy jeepna her market she dey showcase,positive,she gosoon buy jeepna her market she dey showcase,positive,0.5404998367923015,True
self control i know say e dey difficult they don tell me stop tire i gats abort the stomach pain dat follows afterwards ehn,negative,self control i know say e dey difficult they don tell me stop tire i gats abort the stomach pain dat follows afterwards ehn,negative,0.8166212671991051,True
sheybi na film na ‍️,neutral,sheybi na film na ️,neutral,0.4607663326632335,True
their pikin dem papa,negative,their pikin dem papa,neutral,0.37571760761542206,False
na that kind thing i dey like to dey read thank you ill bookmark it,positive,na that kind thing i dey like to dey read thank you ill bookmark it,positive,0.7075726706799702,True
lmao na dem dey break my heart sadly,negative,lmao na dem dey break my heart sadly,negative,0.7241271212743653,True
my guy dey de list o,neutral,my guy dey de list o,neutral,0.46101698329242097,True
na over hyping keeel this february now na protest and police arresting peace civilians we they solve but no the mater no gree solve,negative,na over hyping keeel this february now na protest and police arresting peace civilians we they solve but no the mater no gree solve,negative,0.8538145776436843,True
i still cant believe that upon how our mom used to tell us datmy pikin keep urselfif u near man belle don come ooit didnt stop us from tasting the d we still went ahead abeg fear nigerian women rt lets know ourselves,negative,i still cant believe that upon how our mom used to tell us datmy pikin keep urselfif u near man belle don come ooit didnt stop us from tasting the d we still went ahead abeg fear nigerian women rt lets know ourselves,negative,0.537313433630587,True
that kind time wey e dey sweet to hold soft material,negative,that kind time wey e dey sweet to hold soft material,positive,0.7483222078076468,False
standing erica is so hard am abt to cry nw wic kind wahala be dis,negative,standing erica is so hard am abt to cry nw wic kind wahala be dis,negative,0.8449576227097889,True
i never chop belle full na,negative,i never chop belle full na,negative,0.49985506063555446,True
been reading since morning nothing seems to be happening im not feeling like einstein but book wey no enter head go enter hall im tired,negative,been reading since morning nothing seems to be happening im not feeling like einstein but book wey no enter head go enter hall im tired,negative,0.8850990001707826,True
lmao this brt don climb bump sotey breast don commot for bra,negative,lmao this brt don climb bump sotey breast don commot for bra,negative,0.47795140325179436,True
baba don jazzyplease nahgimme money tooplease nah abeg nahna beg i dey beg,negative,baba don jazzyplease nahgimme money tooplease nah abeg nahna beg i dey beg,positive,0.47743342547920053,False
is it wizkids song or drakes song u fucking dweeb if na like dat mr eazi get grammy nominationso if dem feature u song u don turn coowner guy goan sitdown,negative,is it wizkids song or drakes song u fucking dweeb if na like dat mr eazi get grammy nominationso if dem feature u song u don turn coowner guy goan sitdown,positive,0.6717082221010701,False
papa abeg play like say na your last match you dey play i take god beg you,negative,papa abeg play like say na your last match you dey play i take god beg you,negative,0.4567600934743474,True
na demseff dem dey do nah,negative,na demseff dem dey do nah,neutral,0.518334651632142,False
who can spot me again to all my clients and prospects i say thank you e se imela na go de sosongho mercii cant achieve this without you permit me to be oliver twist i do well at my jobi need,positive,who can spot me again to all my clients and prospects i say thank you e se imela na go de sosongho mercii cant achieve this without you permit me to be oliver twist i do well at my jobi need,negative,0.6427223669032647,False
e dey always dey two we can share,positive,e dey always dey two we can share,negative,0.3907564540491158,False
how far na how e dey be that side,positive,how far na how e dey be that side,neutral,0.46227555397065717,False
this kind good thing go good to reach ibadan na shebi dey say charity begins at home bring this for us around ui lets enjoy small na ejoor,positive,this kind good thing go good to reach ibadan na shebi dey say charity begins at home bring this for us around ui lets enjoy small na ejoor,positive,0.6577568563852293,True
na so dem dey talk,negative,na so dem dey talk,neutral,0.566354621076743,False
na gateman you dey do for your ppa,positive,na gateman you dey do for your ppa,positive,0.5804239887066026,True
damn all this tech revelation is scary na why i no see anybody build with be this men dey red even my friends dey ask for money,positive,damn all this tech revelation is scary na why i no see anybody build with be this men dey red even my friends dey ask for money,negative,0.6545665549692783,False
which kind of bus is this sef no window i need to remove this hair,negative,which kind of bus is this sef no window i need to remove this hair,negative,0.7348244317767536,True
frosh sturvs see as pesin pikin fine pass two pipo,positive,frosh sturvs see as pesin pikin fine pass two pipo,positive,0.6160563235453128,True
sure parole with dem boys dey mainland like this but no be me dem go use trend tomorrow these lagos police officers are unruly,negative,sure parole with dem boys dey mainland like this but no be me dem go use trend tomorrow these lagos police officers are unruly,negative,0.8787327464893294,True
exam na school disease uj students are highly contagious right now abeg make exams no be part of school na wetin una think,negative,exam na school disease uj students are highly contagious right now abeg make exams no be part of school na wetin una think,negative,0.4545076941398382,True
health commissioner of ondo state the bushmeat don dey hunt the hunter ooo,negative,health commissioner of ondo state the bushmeat don dey hunt the hunter ooo,negative,0.651062376121145,True
sometimes e dey do me like na only me dey hear the lyrics,negative,sometimes e dey do me like na only me dey hear the lyrics,neutral,0.4059704450143835,False
you better tell us if na u e dey happen to,neutral,you better tell us if na u e dey happen to,neutral,0.44836416849887517,True
just to let you know that if that your regularrandom knacks fall in love or wants you and you dont want e fit be your burial unto say if i cant have you nobody can have you my people say if fowl no chop e go scatter,negative,just to let you know that if that your regularrandom knacks fall in love or wants you and you dont want e fit be your burial unto say if i cant have you nobody can have you my people say if fowl no chop e go scatter,positive,0.7796036778639766,False
na lie na who de castigate a whole coal city like this oh boy take time you will be amazed you know when we don de go cinema for enugu during the days of eastern shop leventis when enugu was hub for the whole eastern states stop it,positive,na lie na who de castigate a whole coal city like this oh boy take time you will be amazed you know when we don de go cinema for enugu during the days of eastern shop leventis when enugu was hub for the whole eastern states stop it,negative,0.5672489239534705,False
e say if na nigerian boyfriend them for blow you woman beater im deadddddddd,negative,e say if na nigerian boyfriend them for blow you woman beater im deadddddddd,negative,0.5055976729356639,True
lmao na she unfollow me too oh funny thing be say i dey try interact with the babe for tl dey always retweet her business whenever i see am them dey slander edo men regularly nobody dey take am to heart aunty dey provoke cause of brows and bear bear,negative,lmao na she unfollow me too oh funny thing be say i dey try interact with the babe for tl dey always retweet her business whenever i see am them dey slander edo men regularly nobody dey take am to heart aunty dey provoke cause of brows and bear bear,negative,0.6449439118715418,True
fear this man during his test period dont even think about not reading for his test if not na na na failure go day rush you,negative,fear this man during his test period dont even think about not reading for his test if not na na na failure go day rush you,negative,0.4106744451972496,True
lmfaoooooooo abeg behave as per like wey be just button dem dey beg for that one too,negative,lmfaoooooooo abeg behave as per like wey be just button dem dey beg for that one too,positive,0.44221576987923134,False
wetin she do sef pple just de enter her,negative,wetin she do sef pple just de enter her,negative,0.4856919856311558,True
see as you dey shake dey stammer like small pikin wey chop him school fees,negative,see as you dey shake dey stammer like small pikin wey chop him school fees,negative,0.48816576363758196,True
i dey tells una draw bois dey wait for sef,neutral,i dey tells una draw bois dey wait for sef,neutral,0.38491385317081794,True
na rejoice na omoh the mama bin just fine,neutral,na rejoice na omoh the mama bin just fine,positive,0.6976625482736202,False
oga just say youre bringing ecmt to the party in that your luxury bus no wahala i go dey for fed secretariat bus stop abeg dont drive past me,positive,oga just say youre bringing ecmt to the party in that your luxury bus no wahala i go dey for fed secretariat bus stop abeg dont drive past me,negative,0.5661118498936846,False
no competition dear anyhow u wan run ur own run am dem no dey carry last or first just have a peaceful home,positive,no competition dear anyhow u wan run ur own run am dem no dey carry last or first just have a peaceful home,negative,0.5182678847247281,False
cent na beans for battle rap e be like you no know wetin you dey talk my friend comot for here jay z lost to nas when dey beefed hes not really a battle rapper eminem and cent started out as battle rappers theyll make hov and cole cry with lyrics they dont care,negative,cent na beans for battle rap e be like you no know wetin you dey talk my friend comot for here jay z lost to nas when dey beefed hes not really a battle rapper eminem and cent started out as battle rappers theyll make hov and cole cry with lyrics they dont care,negative,0.605890164118327,True
youre loved the way youre hon permit me to say youve always been someones prayer point abeg dont change cos you feel threatened cos of another persons prayer points️,positive,youre loved the way youre hon permit me to say youve always been someones prayer point abeg dont change cos you feel threatened cos of another persons prayer points️,positive,0.7174847274950185,True
its easier for me to stomach the british speaking it but im always shocked to hear asians speaking pidgin english especially the chinese which kain yeye beefroll you sell give me yesterday nothing beef about am o my pickin dey halla say e worst pass gala sef,negative,its easier for me to stomach the british speaking it but im always shocked to hear asians speaking pidgin english especially the chinese which kain yeye beefroll you sell give me yesterday nothing beef about am o my pickin dey halla say e worst pass gala sef,negative,0.4533438648883701,True
i just remember say i never wash my visitors toilet since january god abeg oo the day dem go use me clean the seat i no go fit snap evidence,negative,i just remember say i never wash my visitors toilet since january god abeg oo the day dem go use me clean the seat i no go fit snap evidence,negative,0.7691316408503862,True
oga gud evening sir in fact dis na night good night sir i de busy de write all my village pipo names for you make you choose me na tiktok you go de play,negative,oga gud evening sir in fact dis na night good night sir i de busy de write all my village pipo names for you make you choose me na tiktok you go de play,positive,0.5381055688842056,False
see abeg make una answer this questionwhich bank in nigeria is the best put mouth this mata,neutral,see abeg make una answer this questionwhich bank in nigeria is the best put mouth this mata,positive,0.652445005088066,False
i dont wanna b on any ladys fucking dp next thing a guy will c u on de way and b like guy ar u hitting dat toowe hav been hitting dat for de past yrs welcome de league please hit de follow button,negative,i dont wanna b on any ladys fucking dp next thing a guy will c u on de way and b like guy ar u hitting dat toowe hav been hitting dat for de past yrs welcome de league please hit de follow button,negative,0.4778030092319388,True
mehn d guy na king️,positive,mehn d guy na king️,positive,0.5462164092800819,True
go do something without telling us in order to celebrate jp i don vex sef i no go congratulate u for your pop,negative,go do something without telling us in order to celebrate jp i don vex sef i no go congratulate u for your pop,positive,0.6360171740710066,False
wen wen wen wen you see a starstars always dripping too hard nice meeting you mamaso much love maam adedoyino radisson blu,negative,wen wen wen wen you see a starstars always dripping too hard nice meeting you mamaso much love maam adedoyino radisson blu,positive,0.7972008700302263,False
lol just teasing a fellow nightowl i no know wetin i chop tonight wey no gree me sleep and my day was long af,negative,lol just teasing a fellow nightowl i no know wetin i chop tonight wey no gree me sleep and my day was long af,negative,0.754238288253108,True
lmaooooooo im not watching again biko me wey cry dey hungry before mins into it i don dey cry,negative,lmaooooooo im not watching again biko me wey cry dey hungry before mins into it i don dey cry,negative,0.5547708894131058,True
god bless you boss am so grateful my weekend don set lai dis,positive,god bless you boss am so grateful my weekend don set lai dis,positive,0.925691963928262,True
im tired already billionwetin dem dey renovate shey rat dey chop the furniture niwhich kind thing be this,negative,im tired already billionwetin dem dey renovate shey rat dey chop the furniture niwhich kind thing be this,negative,0.6370585672907896,True
dear lord the way you pamper me enh i don too spoil so tey i no dey thank you enough you don use sweetness finish me na so so love you dey take shower me everyday you just dey burst my brain on a daily i love you baba mi and i thank you️,positive,dear lord the way you pamper me enh i don too spoil so tey i no dey thank you enough you don use sweetness finish me na so so love you dey take shower me everyday you just dey burst my brain on a daily i love you baba mi and i thank you️,positive,0.7707566698573972,True
bryan don talk e ownlol,positive,bryan don talk e ownlol,neutral,0.3663513138702679,False
my brother even if dem dey make money these influencers dey lose their account for here small thing jack go change am for them but the thing is they already have followers and have made a name for themselves so rebuilding isnt so difficult so why person go wan commit suicide,negative,my brother even if dem dey make money these influencers dey lose their account for here small thing jack go change am for them but the thing is they already have followers and have made a name for themselves so rebuilding isnt so difficult so why person go wan commit suicide,negative,0.9260000139135545,True
who your birth month help for this lockdown period abeg carry your birth month go one side first make we know wetin dey play for area,negative,who your birth month help for this lockdown period abeg carry your birth month go one side first make we know wetin dey play for area,positive,0.42511662923956683,False
be like i came to church very early o sermon no wan end and my stomach don dey para,negative,be like i came to church very early o sermon no wan end and my stomach don dey para,negative,0.8509969704625291,True
una wan start like this lol abi the virus catch una,negative,una wan start like this lol abi the virus catch una,negative,0.8032253397743344,True
eyyy chale dat wan sef no bad e,positive,eyyy chale dat wan sef no bad e,positive,0.49938939607778715,True
na twerk we sef dey twerk oo no be like say we no go like shake body when you tanana us,positive,na twerk we sef dey twerk oo no be like say we no go like shake body when you tanana us,positive,0.5292371278684086,True
stop lying abeg na only cane strokes dis guy dey dash,negative,stop lying abeg na only cane strokes dis guy dey dash,negative,0.5218592661431938,True
all these boys for twitter living large most of them na yahoo boys na,negative,all these boys for twitter living large most of them na yahoo boys na,negative,0.7871950907133896,True
dey reply me with one word dey expect me to carry the conversation where i wan carry am where i dey carry am go usu ra kwa nwanne gi nwanyị dia,negative,dey reply me with one word dey expect me to carry the conversation where i wan carry am where i dey carry am go usu ra kwa nwanne gi nwanyị dia,positive,0.4660097065734571,False
see as sanwoolu dey chance me for eko bridge ahhh suffer dey this lagos i dey comot,positive,see as sanwoolu dey chance me for eko bridge ahhh suffer dey this lagos i dey comot,negative,0.614593986030812,False
nor be una dey find proof,neutral,nor be una dey find proof,positive,0.36120875215314263,False
orange room na for owerri na,neutral,orange room na for owerri na,neutral,0.45525428980590943,True
na so them sabi ooo you think sey na one better money them want withdraw,negative,na so them sabi ooo you think sey na one better money them want withdraw,neutral,0.40522567508049057,False
abeg be quiet you are not even the champion in your family your younger brother better pass you and i still beat am join who una wan call for me your ancestors go sabi play game na,negative,abeg be quiet you are not even the champion in your family your younger brother better pass you and i still beat am join who una wan call for me your ancestors go sabi play game na,positive,0.669103330670239,False
people wey e no better for sinceno be today nyash dey back naw,negative,people wey e no better for sinceno be today nyash dey back naw,negative,0.5551971437290513,True
lol dem for give chang noww k dolz every month for soft for dem,positive,lol dem for give chang noww k dolz every month for soft for dem,negative,0.6439717117845102,False
lol dem tell you say dem wan hear from god focus on yourself big nenki no be you dem want o,negative,lol dem tell you say dem wan hear from god focus on yourself big nenki no be you dem want o,negative,0.5446662135341709,True
mavis don kee me osay ttt b like iroko tree wey dey move,negative,mavis don kee me osay ttt b like iroko tree wey dey move,negative,0.5918455968234516,True
this smokey jollof rice na harvard standard ahanhn ️,positive,this smokey jollof rice na harvard standard ahanhn ️,positive,0.6249032091757293,True
i no fit wait again cause e remain to cut my hair sef to resemble house girl finish,negative,i no fit wait again cause e remain to cut my hair sef to resemble house girl finish,negative,0.7826200506562077,True
you wey na work to stand up from bed wan dance lol,negative,you wey na work to stand up from bed wan dance lol,negative,0.5115704305719309,True
e dey pain me say na only koo people go enjoy seeing the photos of yusuf buhari wedding,negative,e dey pain me say na only koo people go enjoy seeing the photos of yusuf buhari wedding,negative,0.8898207186468378,True
i tire o na so we go de dey my broda not only you o hunger oooo,negative,i tire o na so we go de dey my broda not only you o hunger oooo,negative,0.5720286342311213,True
na chin chi be their problem,negative,na chin chi be their problem,negative,0.5218145623280241,True
omo u just start na if na fligh ticket u dey talk about i for understand o but make i retweet am sha maybe ur luck fit shine,positive,omo u just start na if na fligh ticket u dey talk about i for understand o but make i retweet am sha maybe ur luck fit shine,positive,0.437720800493835,True
im this life ehn kana naka allah na nashi im so stuck i dont know again sef ill just flow like a river lobatan,negative,im this life ehn kana naka allah na nashi im so stuck i dont know again sef ill just flow like a river lobatan,negative,0.48729893554134496,True
people wey olympiakos knack de laugh me yesterday never seen a shameless lot in my life,negative,people wey olympiakos knack de laugh me yesterday never seen a shameless lot in my life,positive,0.4529879215206972,False
game wan begin i don arrange food to go with the game nepa off light due to rain dem sha wan carry me comot for this house must rain fall now must nepa take light,negative,game wan begin i don arrange food to go with the game nepa off light due to rain dem sha wan carry me comot for this house must rain fall now must nepa take light,negative,0.8290783984889312,True
i swear when you know its for rollover youd be extra careful and na the kaain thing wey dey burst slip,positive,i swear when you know its for rollover youd be extra careful and na the kaain thing wey dey burst slip,positive,0.7889042375007187,True
you wey get money wey bank dey tamper your own good my dear,positive,you wey get money wey bank dey tamper your own good my dear,positive,0.7368704297603412,True
so im hearing a mans voice from my neighbors room see ehn i want to fight this guy get luck say no be ph we dey i for duff am before e comot estate gate what rubbish,negative,so im hearing a mans voice from my neighbors room see ehn i want to fight this guy get luck say no be ph we dey i for duff am before e comot estate gate what rubbish,negative,0.6059858309651427,True
some matters na inbuilt e nor need settling abi you wan go ask mad woman how e take carry belle,positive,some matters na inbuilt e nor need settling abi you wan go ask mad woman how e take carry belle,negative,0.584193176587577,False
correct i don rest na to join the insane world remain now youre an agitator of feminism and i like the way you were calm and dishing out stuffs through out the whole discussion some other people for don call my late mum names i admire that weldone,positive,correct i don rest na to join the insane world remain now youre an agitator of feminism and i like the way you were calm and dishing out stuffs through out the whole discussion some other people for don call my late mum names i admire that weldone,negative,0.633640421060674,False
mbah use dem make moneyu don suffer,negative,mbah use dem make moneyu don suffer,negative,0.8155279097143888,True
ambode that was a babanla patron of quilox yet you people could not help him when he needed you most is it sanwo olu that you will do anything to or for better tell honourable to get lands around his club for parking or else na so e go de go,negative,ambode that was a babanla patron of quilox yet you people could not help him when he needed you most is it sanwo olu that you will do anything to or for better tell honourable to get lands around his club for parking or else na so e go de go,negative,0.5877471690564373,True
people wey no dey haggle price awon okay send your account number ill make the transfer now,positive,people wey no dey haggle price awon okay send your account number ill make the transfer now,negative,0.5269859029730404,False
omo if by next week i start dropping motivational quotes abeg send me money cuz e don happen e get the kind balance wey i see for my account now e fit cause depression,negative,omo if by next week i start dropping motivational quotes abeg send me money cuz e don happen e get the kind balance wey i see for my account now e fit cause depression,positive,0.5448299057455215,False
buhari dis thing wey you dey do no good sha now wizkid dont even want to stay in this country no more,negative,buhari dis thing wey you dey do no good sha now wizkid dont even want to stay in this country no more,negative,0.9049683571718429,True
tommy hilfiger sliders‍️ price n̶ ️ color navy size uk dm to preorder shakarashop online shop wen sabi you sef go dey do shakara warri nigeria,positive,tommy hilfiger sliders️ price n̶ ️ color navy size uk dm to preorder shakarashop online shop wen sabi you sef go dey do shakara warri nigeria,positive,0.9116892816019491,True
and dem say na rubbish children dey talk,negative,and dem say na rubbish children dey talk,negative,0.7341032540512945,True
the mumu na bamteddy fan since e nor blow he wan dey insult laycon wey don blow clown,neutral,the mumu na bamteddy fan since e nor blow he wan dey insult laycon wey don blow clown,negative,0.5036314529085713,False
i love manchester united lukaku no de fail a goal before best timing up man u,positive,i love manchester united lukaku no de fail a goal before best timing up man u,positive,0.6430148475500767,True
shey na cruise una dey use us catch for this country,negative,shey na cruise una dey use us catch for this country,negative,0.8070848968475306,True
you wey dey owe me four bottles of trophy lager beer dey talk say you not in debt,negative,you wey dey owe me four bottles of trophy lager beer dey talk say you not in debt,negative,0.5775012350414966,True
s a p p h i r e t i m e p i e c e your outfit is not complete without a sapphire time because family that twin together stays happily ever together,positive,s a p p h i r e t i m e p i e c e your outfit is not complete without a sapphire time because family that twin together stays happily ever together,positive,0.5477964070727829,True
hahahaha e be thingzzzz today ️,positive,hahahaha e be thingzzzz today ️,positive,0.6338807205185957,True
only god knows the number of times buharis name is being mentioned in this countryeven the one wey no concern am you go dey hear na buhari,negative,only god knows the number of times buharis name is being mentioned in this countryeven the one wey no concern am you go dey hear na buhari,negative,0.7115120703202447,True
see wetin lockdown don cause now ‍️ normally most of those guys no dey do anything for there life before now so dey just take advantage of this lockdown and isolation period to invade people and do there evil work,negative,see wetin lockdown don cause now ️ normally most of those guys no dey do anything for there life before now so dey just take advantage of this lockdown and isolation period to invade people and do there evil work,negative,0.8380717652188401,True
the guy dey vex,negative,the guy dey vex,negative,0.748694853070302,True
na wetin the person fit buy na,neutral,na wetin the person fit buy na,neutral,0.42156662917116156,True
my belle don dey come out dear fat why didnt you just go to my bum why my tummy,negative,my belle don dey come out dear fat why didnt you just go to my bum why my tummy,negative,0.5554154441824379,True
i said that today when one guy said man u is going to loose out of their fixtures i wan die for laugh one man u fan said they will sack ole before then i say e no go happen trust the process baba wan swear for me,negative,i said that today when one guy said man u is going to loose out of their fixtures i wan die for laugh one man u fan said they will sack ole before then i say e no go happen trust the process baba wan swear for me,negative,0.5787858133760999,True
lol wetin be your own na by the way e check dm yin sir,positive,lol wetin be your own na by the way e check dm yin sir,neutral,0.5217552856980575,False
i know its a monday morning but on this app this same gaddem app oh babe whey i dey famz whey i dey trip for same babe oh dey ask for another guy d print no be say i no fine sef na abi na who i offended,negative,i know its a monday morning but on this app this same gaddem app oh babe whey i dey famz whey i dey trip for same babe oh dey ask for another guy d print no be say i no fine sef na abi na who i offended,negative,0.6425375535644359,True
see ehn as una dey like the tweet just follow the handle wey post the tweet as well oo happy new year,positive,see ehn as una dey like the tweet just follow the handle wey post the tweet as well oo happy new year,positive,0.7043714590132701,True
ever since e don spoil came out everything don dey spoil,negative,ever since e don spoil came out everything don dey spoil,negative,0.804136977143617,True
na small small she go sabi road their house dey inside inside umudunu,positive,na small small she go sabi road their house dey inside inside umudunu,positive,0.5354884992390205,True
you are all that i want girl more precious to me than diamonds and pearls just like a star you light up my world the way i feel inside e always on my mind e e and i cant get over you girl cos you got me so confused you got me in the mood and you make me feel brand new,negative,you are all that i want girl more precious to me than diamonds and pearls just like a star you light up my world the way i feel inside e always on my mind e e and i cant get over you girl cos you got me so confused you got me in the mood and you make me feel brand new,positive,0.6759707044998033,False
lmafooooooooooooooooo one night for club we dey chill omo babes joined our table na hin my guy carry one begin kiss me i dey busy with one hin finish pass give omo me i go outside come still carry same babe think say i catch babe carry comot outside kiss,negative,lmafooooooooooooooooo one night for club we dey chill omo babes joined our table na hin my guy carry one begin kiss me i dey busy with one hin finish pass give omo me i go outside come still carry same babe think say i catch babe carry comot outside kiss,negative,0.5226224471017795,True
if na lion teeth the money they na to carry dentist follow body,positive,if na lion teeth the money they na to carry dentist follow body,positive,0.6585798149423482,True
you never even vexme wey go camp their branch i want to speak to your manager i say i want to speak to the manager,negative,you never even vexme wey go camp their branch i want to speak to your manager i say i want to speak to the manager,positive,0.607670200806302,False
to god ee no go better for my village people na thunder for fire dem do giveaway e no reach my side,negative,to god ee no go better for my village people na thunder for fire dem do giveaway e no reach my side,negative,0.710845440804455,True
but honestly the hype on this virus is too much more than the virus itself but guess what im a nigerian im safe i survived ebola i survived lassar ill survive corona too the same speed wey e use come na im e go use go no world is ending,positive,but honestly the hype on this virus is too much more than the virus itself but guess what im a nigerian im safe i survived ebola i survived lassar ill survive corona too the same speed wey e use come na im e go use go no world is ending,negative,0.6587755697104222,False
dem say if we dey dance like this say na red i kuku be japanese cos i dey dance fire,positive,dem say if we dey dance like this say na red i kuku be japanese cos i dey dance fire,positive,0.44168991327461676,True
dey go dey do like say na only them be student na dere cds i dey for service i dey always change am for them ni,negative,dey go dey do like say na only them be student na dere cds i dey for service i dey always change am for them ni,neutral,0.4782185354382165,False
abeg wetin dey happen here ooo better content everywhere someone tag me to a gist for starts biko,positive,abeg wetin dey happen here ooo better content everywhere someone tag me to a gist for starts biko,neutral,0.46199100240982754,False
help us tell star boy say we don miss am na surulere people send me ooo we go dey happy if you fit help us deliver the message,positive,help us tell star boy say we don miss am na surulere people send me ooo we go dey happy if you fit help us deliver the message,positive,0.9007669870591222,True
those people wen day post im not in a competition with anybody na dem gon gon day host the competition,negative,those people wen day post im not in a competition with anybody na dem gon gon day host the competition,positive,0.5702114831575544,False
lmao na my boy chief i sabi hin password i just want him to stay in one lane you cant be lollygagging,positive,lmao na my boy chief i sabi hin password i just want him to stay in one lane you cant be lollygagging,positive,0.6729780284836665,True
guys its friday go out and have fun problem no de finish,positive,guys its friday go out and have fun problem no de finish,negative,0.8469962108065872,False
with that their rough road sef person fit get miscarriage,negative,with that their rough road sef person fit get miscarriage,positive,0.5261373962898017,False
im busy rn e no go dey easy,negative,im busy rn e no go dey easy,negative,0.8000838829640539,True
oooh baby please please she no be average her body na savage keshi baby rora shea dia dia ko roraah,neutral,oooh baby please please she no be average her body na savage keshi baby rora shea dia dia ko roraah,positive,0.5167393639622129,False
go tell god that one na we say make una like glittering things if not we go for still dey paradise now,negative,go tell god that one na we say make una like glittering things if not we go for still dey paradise now,positive,0.51858437811161,False
we dey on with x for studio and we go dey ask dem question wey concern their kind music edmtune in,neutral,we dey on with x for studio and we go dey ask dem question wey concern their kind music edmtune in,negative,0.4768906199445196,False
let me go and unquote that tweet some of una dey ment,negative,let me go and unquote that tweet some of una dey ment,negative,0.6805206288182376,True
de good neighbor,positive,de good neighbor,positive,0.42176563440634246,True
swipe tailored aline mini skirt ‍ price n̶ now n off color orange size uk dm to order shakarashop online shop wen sabi you sef go dey do shakara warri nigeria,positive,swipe tailored aline mini skirt price n̶ now n off color orange size uk dm to order shakarashop online shop wen sabi you sef go dey do shakara warri nigeria,positive,0.9211117039605816,True
i was about to tell the workd how happy that tweet made me god will not whyne you o i kuku bin sabi where u dey go thank you for still believing in me,positive,i was about to tell the workd how happy that tweet made me god will not whyne you o i kuku bin sabi where u dey go thank you for still believing in me,positive,0.7682956535105188,True
nyesom wike is this rochas okorocha is that apc is this pdp is that lori iro na people wey dey fight dirtyto death because of them i pity pass,negative,nyesom wike is this rochas okorocha is that apc is this pdp is that lori iro na people wey dey fight dirtyto death because of them i pity pass,negative,0.800792709324764,True
lmafoooooooooooooooooooooo na slap you sef chop tueh ‍️ dem use table knife wan kee me,negative,lmafoooooooooooooooooooooo na slap you sef chop tueh ️ dem use table knife wan kee me,negative,0.727420381429875,True
wtf why that guy dey go mark them like that them no dey vex make for ball oo damn that was dirty,negative,wtf why that guy dey go mark them like that them no dey vex make for ball oo damn that was dirty,negative,0.8717586999242158,True
omo if na you wetin you go do,neutral,omo if na you wetin you go do,neutral,0.7224741561179271,True
ordinary small office wey dem go give some of una to manage body go dey catch una ️️️,negative,ordinary small office wey dem go give some of una to manage body go dey catch una ️️️,negative,0.8326355591439378,True
whats happening na me i feel say na who celebrity know them the dash money to oo cos i cant be this unlucky na my account number now is very popular to them but i never see naira by mistake,negative,whats happening na me i feel say na who celebrity know them the dash money to oo cos i cant be this unlucky na my account number now is very popular to them but i never see naira by mistake,negative,0.6009634639779838,True
i thought as much but e never still late oh you fit still show me the love i avail myself,positive,i thought as much but e never still late oh you fit still show me the love i avail myself,positive,0.8096434415089997,True
una go chop am this season sha make e start,neutral,una go chop am this season sha make e start,positive,0.41791613061347677,False
that guy dey buy player like say na fm he dey play ni,negative,that guy dey buy player like say na fm he dey play ni,negative,0.5082021634829557,True
i don commot hand for anyth wey concern baf dis year bath done n dusted,positive,i don commot hand for anyth wey concern baf dis year bath done n dusted,negative,0.5517733273968178,False
pls na looool i ddnt say de shld collect it omake them correct am b manutd fan drive me commot twitter lol,positive,pls na looool i ddnt say de shld collect it omake them correct am b manutd fan drive me commot twitter lol,negative,0.4970404071848103,False
we dey suffer we dey smile we dey fear to talk,negative,we dey suffer we dey smile we dey fear to talk,negative,0.4941721964022437,True
i like how you said swapped henrikh mkhitaryan without pointing out who left i still think its so cute how le goon fans get very optimistic with just any transfer foray we go dey here dey jot the results out when una start dey go up boss,positive,i like how you said swapped henrikh mkhitaryan without pointing out who left i still think its so cute how le goon fans get very optimistic with just any transfer foray we go dey here dey jot the results out when una start dey go up boss,positive,0.5903712806430305,True
alomo company don dey naija na,neutral,alomo company don dey naija na,negative,0.35024760485160744,False
na so d protest carry dem reach d spirit of benin protest atleast does ppl wey dem manage release go tnk der god,positive,na so d protest carry dem reach d spirit of benin protest atleast does ppl wey dem manage release go tnk der god,negative,0.6666167985290102,False
one man was watching football with her wife and their son for one lounge like that madam say she wan go house baba say make she dey go na omo come see small marriage drama,negative,one man was watching football with her wife and their son for one lounge like that madam say she wan go house baba say make she dey go na omo come see small marriage drama,negative,0.6699962560147832,True
everything buhari commission during der change eranone of dem is functioning yethe wil recommision dem during der next level nonsense wen dey start functioningjoke of a country,negative,everything buhari commission during der change eranone of dem is functioning yethe wil recommision dem during der next level nonsense wen dey start functioningjoke of a country,negative,0.7236466952069663,True
una just dey scatter ground holy boy like me no fit take anything,negative,una just dey scatter ground holy boy like me no fit take anything,negative,0.6676926024996823,True
me and the girl dey common ground like this i con dey throw am she catch am omo i don dey happy say i don finally get babe not until the bobo came and asked whats happening here then my friend came and said he was just watching me waste my time since,negative,me and the girl dey common ground like this i con dey throw am she catch am omo i don dey happy say i don finally get babe not until the bobo came and asked whats happening here then my friend came and said he was just watching me waste my time since,negative,0.8274267955997182,True
overtaking and not giving dem waka na offence,negative,overtaking and not giving dem waka na offence,negative,0.4761104547500587,True
my body is sweeting me for this my hair‍️‍️ i will rock life out of it i no fit wait again o waybill am my sister dey sell correct units forget e no cheap o but na over quality,positive,my body is sweeting me for this my hair️️ i will rock life out of it i no fit wait again o waybill am my sister dey sell correct units forget e no cheap o but na over quality,positive,0.5653168087874437,True
na sound of gun shot i just dey hear from am to am no be say dem dey fight oooooo dey just dey send aroko to them billion boys mushin no get joy oooo,negative,na sound of gun shot i just dey hear from am to am no be say dem dey fight oooooo dey just dey send aroko to them billion boys mushin no get joy oooo,negative,0.5992155345426203,True
omooo innocent dey vex this night sha see wetin maguire don cause,negative,omooo innocent dey vex this night sha see wetin maguire don cause,negative,0.5671443768932776,True
na the wc wey she go sit down on top i dey pity,negative,na the wc wey she go sit down on top i dey pity,negative,0.5536934322430652,True
yesterday was a movie your babies chemistry im not sure you will understand sha but i enjoyed myself mr intentional was on duty they feed me yesterday na i say make i give una small,positive,yesterday was a movie your babies chemistry im not sure you will understand sha but i enjoyed myself mr intentional was on duty they feed me yesterday na i say make i give una small,positive,0.529520732075593,True
ltgtm a yltgt⁣ ⁣ mayke we try dey chop o plenty work dey ground⁣ ⁣ mayke we dey throw our dice baba god go soon give us double six ⁣ ⁣ mayke we dey throw our dice baba god go soon give double chicken ⁣ ⁣ happy new fam,positive,ltgtm a yltgt⁣ ⁣ mayke we try dey chop o plenty work dey ground⁣ ⁣ mayke we dey throw our dice baba god go soon give us double six ⁣ ⁣ mayke we dey throw our dice baba god go soon give double chicken ⁣ ⁣ happy new fam,positive,0.7823698791963761,True
congratulations baba on your appointment when you geh chance enter abk lets chill at oopl we may see chance see baba say e don tey wey he write letter more blessing baba,positive,congratulations baba on your appointment when you geh chance enter abk lets chill at oopl we may see chance see baba say e don tey wey he write letter more blessing baba,positive,0.8019451150270392,True
omo wer una dey see dat kind relationship na,positive,omo wer una dey see dat kind relationship na,negative,0.4330655892063316,False
this thing wey we dey take joke dey pain us person just need to laugh it off ni,negative,this thing wey we dey take joke dey pain us person just need to laugh it off ni,negative,0.7218323673800331,True
the old release of living in bondage na five hours that one sef na bondage plis release me,negative,the old release of living in bondage na five hours that one sef na bondage plis release me,negative,0.5131135856192169,True
na person wey no fine dey fear breakup,negative,na person wey no fine dey fear breakup,negative,0.808322150920825,True
he be like say i no go dey enter this justrite wey dey my area again na soap i one go buy how my hand go carry wristwatch i no sabi i don pay finish before the charm clear for my eyes,negative,he be like say i no go dey enter this justrite wey dey my area again na soap i one go buy how my hand go carry wristwatch i no sabi i don pay finish before the charm clear for my eyes,negative,0.763755976308147,True
come ooo next week friday is christmas ooo asin im not seeing any sign in my house ooo i dont understand ooo normally we for don run half bag of flour for chinchin even the meat dey sound like audio,positive,come ooo next week friday is christmas ooo asin im not seeing any sign in my house ooo i dont understand ooo normally we for don run half bag of flour for chinchin even the meat dey sound like audio,negative,0.7422749817804163,False
just tell me amount make i pay those forest frsc are so full of themselves na so i no stop for one i flashed him on stopping me and he gave way the other that was seated just took upon himself to vex for matter wea no be him own come start dey para mtchwee,negative,just tell me amount make i pay those forest frsc are so full of themselves na so i no stop for one i flashed him on stopping me and he gave way the other that was seated just took upon himself to vex for matter wea no be him own come start dey para mtchwee,negative,0.8463176427678393,True
im sure you guys had fun but youre not showing me pics of the oba na all these men with big belle you dey post,positive,im sure you guys had fun but youre not showing me pics of the oba na all these men with big belle you dey post,negative,0.6363853087278949,False
i dont like the way your header looks at me when i enter your page e dey look me like i wan thief something,negative,i dont like the way your header looks at me when i enter your page e dey look me like i wan thief something,negative,0.47932272294907197,True
shey u people are seeing daddy enny now which kain love be this i say goodmorning e no reply i notified him e like my comment he still no reply,negative,shey u people are seeing daddy enny now which kain love be this i say goodmorning e no reply i notified him e like my comment he still no reply,negative,0.7473736975633912,True
i remember dat day for freddo house wey dalo no gree make you talk on the matter funny as fuck,positive,i remember dat day for freddo house wey dalo no gree make you talk on the matter funny as fuck,negative,0.4412071181355679,False
na who get money dem dey rush na me wan rush money but hin too like to form hard to get,negative,na who get money dem dey rush na me wan rush money but hin too like to form hard to get,negative,0.4303644343186606,True
if preeq see toto e go charge like say e fit do something but if e enter see wetin others have seen e go bow,neutral,if preeq see toto e go charge like say e fit do something but if e enter see wetin others have seen e go bow,negative,0.6979859586715241,False
reason y kante snubbed jose is cus of his attitudeand xpecialy his bad mouthu no jose dey talk lyk pesin way dey tak sumtin,negative,reason y kante snubbed jose is cus of his attitudeand xpecialy his bad mouthu no jose dey talk lyk pesin way dey tak sumtin,negative,0.6050360436950826,True
mo you sef don join ancestors dey chop sacrifice come and see o,negative,mo you sef don join ancestors dey chop sacrifice come and see o,negative,0.3845650399608384,True
no na my guy na,positive,no na my guy na,positive,0.37754324214888424,True
eh leave the cars for arewa twitter na dem get all the connections in this country my very concern is as i short that their outfit no go fit me,negative,eh leave the cars for arewa twitter na dem get all the connections in this country my very concern is as i short that their outfit no go fit me,negative,0.7283050690599652,True
i dey suspect say dis man don get belle cos any small opportunity he gets like dis na so so sleep,negative,i dey suspect say dis man don get belle cos any small opportunity he gets like dis na so so sleep,negative,0.5879654054764618,True
before i took this picture ehn the kind of run i did anyway who don fine don fine im still your surest plug for quality bedsheets and duvets made from the finest cotton quality for your kids and you come and patronize me today and testify,negative,before i took this picture ehn the kind of run i did anyway who don fine don fine im still your surest plug for quality bedsheets and duvets made from the finest cotton quality for your kids and you come and patronize me today and testify,positive,0.58671040074785,False
how much you think say this one be e still no fill pot oh k with abeg the fish big na me wey stand afar snap cause e dey splash water,positive,how much you think say this one be e still no fill pot oh k with abeg the fish big na me wey stand afar snap cause e dey splash water,negative,0.49089393562808725,False
local man don tire,negative,local man don tire,negative,0.7231691879205966,True
my belle don dey big like own because of am o,positive,my belle don dey big like own because of am o,negative,0.7372138082358438,False
una dey play nonsense this na wetin we go do all chelsea and arsenal players one day warri nigeria,negative,una dey play nonsense this na wetin we go do all chelsea and arsenal players one day warri nigeria,negative,0.42155247453782385,True
as for those wen want my waffi bros to comot d house na unah go pack unah load go,negative,as for those wen want my waffi bros to comot d house na unah go pack unah load go,positive,0.4505307386673898,False
the backup way dey away dey give me joy e dey distinct like mad i don hear this song like times now wtf burst my brain,positive,the backup way dey away dey give me joy e dey distinct like mad i don hear this song like times now wtf burst my brain,positive,0.606294540874238,True
na pipo wey no like me na,negative,na pipo wey no like me na,positive,0.51858471733825,False
okay this is the third time im checking the numbers in naira again he scammed people of billion naira cash he had on him when arrested billion naira cars worth billion naira im crying guys hushpuppi why youre in billions man e be things️,negative,okay this is the third time im checking the numbers in naira again he scammed people of billion naira cash he had on him when arrested billion naira cars worth billion naira im crying guys hushpuppi why youre in billions man e be things️,negative,0.818864553291232,True
omo i don try finish this thread like three times now story too plenty abeg make una carry una breakfast go chop alone i no follow una do love,negative,omo i don try finish this thread like three times now story too plenty abeg make una carry una breakfast go chop alone i no follow una do love,negative,0.6271714914611048,True
na actually the third is the severe acute respiratory syndrome but the most sifia is actually the sars wey dey beat,negative,na actually the third is the severe acute respiratory syndrome but the most sifia is actually the sars wey dey beat,negative,0.4994016611150934,True
chop knuckle wa gbayi omo yi you don sabi better food be that preach let them hear,positive,chop knuckle wa gbayi omo yi you don sabi better food be that preach let them hear,positive,0.4922184194405565,True
person wey dem dey dive like rugby,negative,person wey dem dey dive like rugby,negative,0.6903825868882107,True
jetawo sef dey call me boss why you dey follow them whine me like this,negative,jetawo sef dey call me boss why you dey follow them whine me like this,negative,0.7343586225206356,True
lol this one na small na only the glass i go pick for ground because i go stone am for ground as e no high me i go pick am back for round,negative,lol this one na small na only the glass i go pick for ground because i go stone am for ground as e no high me i go pick am back for round,negative,0.5637308879382855,True
na this love wey you put now go cause problem i no dey take am easy with love,negative,na this love wey you put now go cause problem i no dey take am easy with love,negative,0.6286764738258915,True
don don don don foxy i remember when we used to call him sango afolabi sha has to do thanksgiving for his glow up tbh‍️,neutral,don don don don foxy i remember when we used to call him sango afolabi sha has to do thanksgiving for his glow up tbh️,positive,0.4984464672347029,False
mm lens is k haba make una dey calm down this shirt gats dey made of gold plus diamond studs,negative,mm lens is k haba make una dey calm down this shirt gats dey made of gold plus diamond studs,negative,0.7416232923251576,True
im tired of walking this street without this kind of story na imagine no to do with it sad na so lemme be collecting lesson,negative,im tired of walking this street without this kind of story na imagine no to do with it sad na so lemme be collecting lesson,negative,0.8554010350249357,True
i fit trek reach there,positive,i fit trek reach there,positive,0.6649710123232843,True
pillow under the head wee never allow hair to be smooth laidat na u had to comb or brush it fest but that smile eh lai lo make up‍️‍️‍️ melanin poppin just no wound me abeg na my lane i dey waka so,positive,pillow under the head wee never allow hair to be smooth laidat na u had to comb or brush it fest but that smile eh lai lo make up️️️ melanin poppin just no wound me abeg na my lane i dey waka so,negative,0.516349004776198,False
thugs don turn inec officials see as dem carry ballot papers like say na dem get am‍️ nigeria my country,negative,thugs don turn inec officials see as dem carry ballot papers like say na dem get am️ nigeria my country,negative,0.6922562387342857,True
where can i find this kain fine specimen the earrings come topup the fineness finish this wan na square meal comman see buffet e slippery,positive,where can i find this kain fine specimen the earrings come topup the fineness finish this wan na square meal comman see buffet e slippery,negative,0.46739564727929445,False
i dont even have that one sef,negative,i dont even have that one sef,negative,0.7496649085666433,True
in warri how much i dey owe you sef na today den dey owe pesin naija sef dey owe nah nor dey stress me,negative,in warri how much i dey owe you sef na today den dey owe pesin naija sef dey owe nah nor dey stress me,neutral,0.4518826435174514,False
amen able rep btw na mfm you dey worship,positive,amen able rep btw na mfm you dey worship,negative,0.4537318643496386,False
after if dey see couples dat met through twitter theyll be like god wen or sis which type of twitter u de use it all started frm dm dat u gals are rejecting,negative,after if dey see couples dat met through twitter theyll be like god wen or sis which type of twitter u de use it all started frm dm dat u gals are rejecting,negative,0.5000539576944062,True
everybody drink more water drink more water now belle don swell,negative,everybody drink more water drink more water now belle don swell,negative,0.662757062324976,True
omo pikin wey you go born go vex for you,negative,omo pikin wey you go born go vex for you,negative,0.5185935014911582,True
na when you need help people go dey ask you all the things wey you do wrong,negative,na when you need help people go dey ask you all the things wey you do wrong,negative,0.4738701633354161,True
make one fine girl for uyo carry me comot tomorrow na babes im calling on you,positive,make one fine girl for uyo carry me comot tomorrow na babes im calling on you,positive,0.7137435447052501,True
why dem dey mess una up like this na,negative,why dem dey mess una up like this na,negative,0.6461371351756477,True
se na like this we go dey dey e haaa don na like this we go dey dey e,negative,se na like this we go dey dey e haaa don na like this we go dey dey e,positive,0.5434871198414073,False
na all those kind guys for exam hall wey go ask you whether you dey sure when dem dey dub,positive,na all those kind guys for exam hall wey go ask you whether you dey sure when dem dey dub,negative,0.5580199465217344,False
na anambra i come from i no need your motivational quotes i don dey see rich men since dey born me period,negative,na anambra i come from i no need your motivational quotes i don dey see rich men since dey born me period,positive,0.4290914272367513,False
fine boy wey con sabi sing again️,positive,fine boy wey con sabi sing again️,positive,0.8101225331213702,True
bossu na valentine wey dey med go follow me,positive,bossu na valentine wey dey med go follow me,positive,0.555424577350558,True
happy democracy say to those who preactce and still believe in true democracy for my country because last last all this old men dey use our future abeg na how many future person dey get democracy,negative,happy democracy say to those who preactce and still believe in true democracy for my country because last last all this old men dey use our future abeg na how many future person dey get democracy,negative,0.6917380480018951,True
na assassin u wan date,negative,na assassin u wan date,neutral,0.3680927255697493,False
i dey tell one of my guy say e nor dey reach weeks e think say na show offi just say i dey pray for him big break say we go visit this issue again,positive,i dey tell one of my guy say e nor dey reach weeks e think say na show offi just say i dey pray for him big break say we go visit this issue again,negative,0.5537319148409166,False
na music dem dey show,neutral,na music dem dey show,positive,0.3597398496690316,False
men biko how much will be enough for you to barb your hair and look good ladies tag a guy and pay for him no be only men go dey pay una bills i know some women will want to tag some + men wey don go bald you will be disqualified ️,neutral,men biko how much will be enough for you to barb your hair and look good ladies tag a guy and pay for him no be only men go dey pay una bills i know some women will want to tag some + men wey don go bald you will be disqualified ️,negative,0.6710972499899842,False
e be like say na like this we go settle am patronize me i dey try raise tuition fee tuition fee don increase nigeria,positive,e be like say na like this we go settle am patronize me i dey try raise tuition fee tuition fee don increase nigeria,negative,0.5849941025435268,False
na wetin de pain me for justice be that the crime don kill one person,negative,na wetin de pain me for justice be that the crime don kill one person,negative,0.8398015778341205,True
forget the fine facehow can egungun be carefule don jam am i don tell am e don jam am be on repeat in my head,negative,forget the fine facehow can egungun be carefule don jam am i don tell am e don jam am be on repeat in my head,negative,0.49280458624760376,True
omo no be everybody wen you follow wen no follow you back dey proud oh some people really really no just care about this followers thing no be pride,positive,omo no be everybody wen you follow wen no follow you back dey proud oh some people really really no just care about this followers thing no be pride,negative,0.5407652847013283,False
abeg make una buy perfume na from very cheap make i fit see money continue this protest ejor abeg edakun make una help me oh girl is super broke,negative,abeg make una buy perfume na from very cheap make i fit see money continue this protest ejor abeg edakun make una help me oh girl is super broke,positive,0.6174619782419817,False
abeg where una dey find this relationship nawif na soap abeg cut small for me omo alot happened i don forget some sha we meuv‍️,negative,abeg where una dey find this relationship nawif na soap abeg cut small for me omo alot happened i don forget some sha we meuv️,positive,0.5189821281468349,False
wetin be that cry im dying here please nawa o na by force,negative,wetin be that cry im dying here please nawa o na by force,negative,0.6353945253364488,True
this noodles wey you dey chop everyday never do you,negative,this noodles wey you dey chop everyday never do you,negative,0.7304505310920183,True
abeg tell dem oo dem even won finish my whatsap status with laycon,negative,abeg tell dem oo dem even won finish my whatsap status with laycon,negative,0.5216343412640067,True
wetin dey happen for this jos today na una no dey invite person for things please now,positive,wetin dey happen for this jos today na una no dey invite person for things please now,negative,0.7386270370156608,False
good evening my adorable followers how are you how did your day go im sorry ive not been able to post stories like before ive been really busy and not had me time i know i have some unfinished stories ive finished them in my head na to type am no vex abeg,positive,good evening my adorable followers how are you how did your day go im sorry ive not been able to post stories like before ive been really busy and not had me time i know i have some unfinished stories ive finished them in my head na to type am no vex abeg,negative,0.6689158310490735,False
fresh kehabi opportunity to fornicateactivity dey wey baba go do wey go make baba forget about meim not playing rough play naira,negative,fresh kehabi opportunity to fornicateactivity dey wey baba go do wey go make baba forget about meim not playing rough play naira,positive,0.6140242017293777,False
abeg this na morning o,positive,abeg this na morning o,positive,0.5605765963459138,True
lol he say na winning mentality for draw wey una manage get oo,neutral,lol he say na winning mentality for draw wey una manage get oo,positive,0.3773393517716534,False
armed robber walks in armed robber i know youre there me armed robber come out me armed robber u better come out now or else me armed robber na condition make cray fish bend me even cray fish wey straight na winch,positive,armed robber walks in armed robber i know youre there me armed robber come out me armed robber u better come out now or else me armed robber na condition make cray fish bend me even cray fish wey straight na winch,negative,0.5375909417936104,False
maybe person wen sabi neva tough me na so all of them dey talk end up disappointed,negative,maybe person wen sabi neva tough me na so all of them dey talk end up disappointed,negative,0.6310917513781569,True
you dey always feel opinionated about any issue wey come up for heresometimes shut up e say na influencer,negative,you dey always feel opinionated about any issue wey come up for heresometimes shut up e say na influencer,negative,0.6791363912292065,True
good morning akpors baba greetings to the upcoming dj there i know say na upper iweka dey use dat guy abeg morning to all my people especially evangeline obiora,positive,good morning akpors baba greetings to the upcoming dj there i know say na upper iweka dey use dat guy abeg morning to all my people especially evangeline obiora,positive,0.623395894996641,True
my mention my following dis evening my phone sef dey freezelet me tk a break so d phone can rest ill be backim super happy,negative,my mention my following dis evening my phone sef dey freezelet me tk a break so d phone can rest ill be backim super happy,negative,0.5778308243658087,True
money i just make e don comot to fix fuel pump whats all this na like why god why like why dis,negative,money i just make e don comot to fix fuel pump whats all this na like why god why like why dis,negative,0.6060508456515904,True
dis days i dont even understand d kind of boys that dm me on ig im like god is dis what i attract,negative,dis days i dont even understand d kind of boys that dm me on ig im like god is dis what i attract,negative,0.7443836682538698,True
see wetin ed woodword dey cause ‍️,negative,see wetin ed woodword dey cause ️,negative,0.5301708052200131,True
abeg nnewi people cinema dey nnewi lidis,negative,abeg nnewi people cinema dey nnewi lidis,positive,0.567122322887394,False
pulis for just stay for stoke jejely dey play him rugby football but as usual small or relative success like this british managers dey always feel say dem don arrive,negative,pulis for just stay for stoke jejely dey play him rugby football but as usual small or relative success like this british managers dey always feel say dem don arrive,negative,0.6576037913664986,True
ncdc sup with update na e don be carryover oh,negative,ncdc sup with update na e don be carryover oh,neutral,0.6101866196922836,False
abeg i nor do wahz dis na,negative,abeg i nor do wahz dis na,positive,0.4892081374214193,False
lmao you never see my team una ke my guy na only classic i dey focus on as e be,positive,lmao you never see my team una ke my guy na only classic i dey focus on as e be,negative,0.4904050954867155,False
loooooooool rotfl its dis kain lie dat killed ananias and sapphira im not kissing till i marry,negative,loooooooool rotfl its dis kain lie dat killed ananias and sapphira im not kissing till i marry,negative,0.4653210740035616,True
u dont expect my ceec to drink dat kind baby food na see wat she is bragging for naija nestle dat is so cheap no wonder u guys cant vote to save her live even nestle will be so ashamed to see person like ales dat feed with their food misbehaving,negative,u dont expect my ceec to drink dat kind baby food na see wat she is bragging for naija nestle dat is so cheap no wonder u guys cant vote to save her live even nestle will be so ashamed to see person like ales dat feed with their food misbehaving,negative,0.6423436518882037,True
na aketi face the guy dey see ask for light and ruler no wonder gbade be like jazz wey dem soak for years before dem born am,negative,na aketi face the guy dey see ask for light and ruler no wonder gbade be like jazz wey dem soak for years before dem born am,negative,0.7838580667430294,True
this cho cho dance shey my neck wouldnt shift from east to west na who go vex go vex david is a vibe,positive,this cho cho dance shey my neck wouldnt shift from east to west na who go vex go vex david is a vibe,negative,0.5819600293095718,False
nothing improves babas cred sef like so alhaji sef dey nak,negative,nothing improves babas cred sef like so alhaji sef dey nak,negative,0.5107060643899393,True
person go chop kpomo for house oo talk say nor be him chop am oo talk say nor be him chop they vex oo he wan beat ooo na we dey settle since oo,negative,person go chop kpomo for house oo talk say nor be him chop am oo talk say nor be him chop they vex oo he wan beat ooo na we dey settle since oo,negative,0.8510636721328108,True
e nuh easy like that since yiu comot naija just dey cast on a daily,negative,e nuh easy like that since yiu comot naija just dey cast on a daily,negative,0.7749354350659275,True
we no dey even vote for anybody again abeg we don try,negative,we no dey even vote for anybody again abeg we don try,negative,0.5393596519392333,True
make una patronize me na i never chop for days now o why una de do me like this nah,negative,make una patronize me na i never chop for days now o why una de do me like this nah,negative,0.7697854891599211,True
he never even drop evidence una don dey shake like tilapia wey dem comot for inside water,negative,he never even drop evidence una don dey shake like tilapia wey dem comot for inside water,negative,0.8529295162608607,True
twenty wetin for where ma hand no dey oooo the guy wey be grandpa choi nigeria footballers sha,negative,twenty wetin for where ma hand no dey oooo the guy wey be grandpa choi nigeria footballers sha,negative,0.5861836804528158,True
where dem dey abeg,neutral,where dem dey abeg,neutral,0.6669460679645154,True
so i don lost k like this today boya jesus should do and come tori im about to give up fr,negative,so i don lost k like this today boya jesus should do and come tori im about to give up fr,positive,0.45600718343377933,False
mr man did u see awolowo for that lyrics since him de gail legends saraki na legend too abi,negative,mr man did u see awolowo for that lyrics since him de gail legends saraki na legend too abi,positive,0.36753635951016306,False
e go come shock am sey dem fire am after weeks,negative,e go come shock am sey dem fire am after weeks,negative,0.5521168453543059,True
you be baba nowmake football activities start nowyou don carry ur camera and mictravel go where e dey happeni know say one dayif me too play football to the top u go cover my game i dey gbadun ur write and story most especially on naija leaguegodbless you,positive,you be baba nowmake football activities start nowyou don carry ur camera and mictravel go where e dey happeni know say one dayif me too play football to the top u go cover my game i dey gbadun ur write and story most especially on naija leaguegodbless you,positive,0.6553507634701515,True
i used typical replace extremists ne i was talking a friendxtian dat grew up in minna niger state abt how it feels whenever he visits his hometown imo he was like na boko haram dey call us oh he revealed some shocking secrets but no b my mouth una go hear am,negative,i used typical replace extremists ne i was talking a friendxtian dat grew up in minna niger state abt how it feels whenever he visits his hometown imo he was like na boko haram dey call us oh he revealed some shocking secrets but no b my mouth una go hear am,negative,0.8861090981874198,True
dem don kala una again na this una mendy guy i dey pity,negative,dem don kala una again na this una mendy guy i dey pity,negative,0.8386753090654758,True
many of us dont really like real madrid sef na because of ronaldo we dey rush dem,negative,many of us dont really like real madrid sef na because of ronaldo we dey rush dem,negative,0.5686339261816197,True
na where momsie order for gas some months ago naim dem exchange her cylinder me come collect am from her till i get chance to buy new one na stone i been dey use support the valve wey dey leak o,negative,na where momsie order for gas some months ago naim dem exchange her cylinder me come collect am from her till i get chance to buy new one na stone i been dey use support the valve wey dey leak o,negative,0.7273665993134318,True
i been dey expect some kialess capping but u cap wella u be beta smaller after dis wahala i go carry u go one side bcus i dey trip ur lipsdis bayelsa and port harcourt friends i hav haf spoilt me ooo,positive,i been dey expect some kialess capping but u cap wella u be beta smaller after dis wahala i go carry u go one side bcus i dey trip ur lipsdis bayelsa and port harcourt friends i hav haf spoilt me ooo,positive,0.5546321521998326,True
how many side chicks dem even get so tey na go remains asking for myself ni o,negative,how many side chicks dem even get so tey na go remains asking for myself ni o,negative,0.6826809981762552,True
im coming wit a bagger very soon e go shock the north inshaallah,negative,im coming wit a bagger very soon e go shock the north inshaallah,positive,0.5194615122297113,False
igbo fufu na d best dem no dey turn am for pot na pounding,positive,igbo fufu na d best dem no dey turn am for pot na pounding,negative,0.5107839853439122,False
we dey post buh dem no dey like or comment,negative,we dey post buh dem no dey like or comment,neutral,0.4969004506776516,False
you dey vex for dem before,negative,you dey vex for dem before,negative,0.9159488636037213,True
bros stoopeet if na joke thats beyond mistake i call that inexperienced a ball wey for easily push over without using a muscle e dey beat him chest from disappointment atm,negative,bros stoopeet if na joke thats beyond mistake i call that inexperienced a ball wey for easily push over without using a muscle e dey beat him chest from disappointment atm,negative,0.5269938769268437,True
those people hold my k oo say na my limit be dat anytime i broke like dis i dey remember am,negative,those people hold my k oo say na my limit be dat anytime i broke like dis i dey remember am,positive,0.49724997745381616,False
twitter come to my rescue ooo im in severe pain rn see wetyn my blood brother dey do me same mama o money wey i wan use buy light,negative,twitter come to my rescue ooo im in severe pain rn see wetyn my blood brother dey do me same mama o money wey i wan use buy light,negative,0.6206324609075429,True
i wan comot teeth,neutral,i wan comot teeth,neutral,0.548036415895201,True
i will go on any date please i don old i no get the time to dey picky again,negative,i will go on any date please i don old i no get the time to dey picky again,negative,0.7807283725094469,True
haaaaa abeg o you see say i no mention hin name i no want wahala that guy fit injure person on top wenger matter,negative,haaaaa abeg o you see say i no mention hin name i no want wahala that guy fit injure person on top wenger matter,negative,0.6252479286773062,True
funny i dont even know her bro yesterday was the first time i saw her picture she is not fam na her husband me and her run matter sef,neutral,funny i dont even know her bro yesterday was the first time i saw her picture she is not fam na her husband me and her run matter sef,positive,0.4800659389891244,False
lol i don tell her make she dey go say i wan sleep,negative,lol i don tell her make she dey go say i wan sleep,negative,0.4836220491433231,True
aswear na dat novel wey i waste ma time on it come score de lowest score among ma subject combination,negative,aswear na dat novel wey i waste ma time on it come score de lowest score among ma subject combination,negative,0.5746562239704143,True
wahala be like bicycle ooooo kuje rain don commot person roof breeze carry roof hit person windshield spoil d person gate breeze lift roof again to spoil another person house god abeg they still dey commot money for this house,negative,wahala be like bicycle ooooo kuje rain don commot person roof breeze carry roof hit person windshield spoil d person gate breeze lift roof again to spoil another person house god abeg they still dey commot money for this house,negative,0.896787133483324,True
twitter brethren how is your evening going to pan out i just wanted to peep oooo how una de,positive,twitter brethren how is your evening going to pan out i just wanted to peep oooo how una de,positive,0.480255455805879,True
whenever sensitive topics are discussed here some people tend to just be stupid just to gain followers god punish all of una wey dey do that,negative,whenever sensitive topics are discussed here some people tend to just be stupid just to gain followers god punish all of una wey dey do that,negative,0.8557610561362546,True
na weyrey wey dey disguise,negative,na weyrey wey dey disguise,negative,0.5820621306013375,True
na u be hin twitter manager nah una don fight,negative,na u be hin twitter manager nah una don fight,negative,0.6193335910978623,True
na daredevil dey vex me dey form born again christian,negative,na daredevil dey vex me dey form born again christian,negative,0.8656290978328227,True
sorry bro mah recharge now sef,negative,sorry bro mah recharge now sef,positive,0.467717196292135,False
fupa wey you fit dey romance with your and and it will be turnioniown,positive,fupa wey you fit dey romance with your and and it will be turnioniown,positive,0.7379883212529293,True
na me this house wan kill with work any small thing tiles don dirty i will run away to go and get strength to clean you,negative,na me this house wan kill with work any small thing tiles don dirty i will run away to go and get strength to clean you,negative,0.5651288255118215,True
kindly help me rt my hustle yahoo i no sabi do harm robber i no sabi do fraud i no sabi the way but cake ehn i can bake it from my dream ‍️️️️ e saanu mih e bami repost‍️‍️‍️,positive,kindly help me rt my hustle yahoo i no sabi do harm robber i no sabi do fraud i no sabi the way but cake ehn i can bake it from my dream ️️️️ e saanu mih e bami repost️️️,positive,0.62140833184984,True
fine girl = wahala and wahala no dey finish so dem dey fear us,negative,fine girl = wahala and wahala no dey finish so dem dey fear us,negative,0.9320874001894431,True
god im so pissed reading this ‍️ na lie go finish all of una whether you like it or not justice will prevail,negative,god im so pissed reading this ️ na lie go finish all of una whether you like it or not justice will prevail,negative,0.6923832932764663,True
na my guy e dey sweet to argue with am for tl,positive,na my guy e dey sweet to argue with am for tl,positive,0.7580740323035645,True
dem don dey proud wen match never ende sweet me die,positive,dem don dey proud wen match never ende sweet me die,positive,0.7564238283978085,True
traditional marriage don reach now you carry us dey enter bush all those fine gates wey you stand dey snap nah who get am,negative,traditional marriage don reach now you carry us dey enter bush all those fine gates wey you stand dey snap nah who get am,positive,0.7617197035432502,False
okay na bro but go fit too i don dey teach am some one or two,positive,okay na bro but go fit too i don dey teach am some one or two,positive,0.5194409462883585,True
up on the wahala wey nigeria get now na concerned nigeria government one word for buhari and his cabinet like lai muhammad,negative,up on the wahala wey nigeria get now na concerned nigeria government one word for buhari and his cabinet like lai muhammad,negative,0.6601126409884049,True
seme ke kilode you no even give me better country i don vex u had the chance to say canada na,negative,seme ke kilode you no even give me better country i don vex u had the chance to say canada na,negative,0.8356715800941074,True
na only my small flashlight nokia phone i dey carry wake these days i no even get strength for any police wahala what a country,negative,na only my small flashlight nokia phone i dey carry wake these days i no even get strength for any police wahala what a country,negative,0.8837395389439652,True
who started this look at your whatever thing e don do oo my tl is mess already,negative,who started this look at your whatever thing e don do oo my tl is mess already,positive,0.48263400116032357,False
na middle children dey do this thing to themselves my sister dey use k for month for this same nigeria wey we dey na them dey call her to ask her sef if i complain say my own no reach week dem go say i dey waste money meanwhile our last born na steady provision and cash,negative,na middle children dey do this thing to themselves my sister dey use k for month for this same nigeria wey we dey na them dey call her to ask her sef if i complain say my own no reach week dem go say i dey waste money meanwhile our last born na steady provision and cash,negative,0.7725263159563697,True
na wa oo person don dey for this onitsha bridge for almost an hour nowkai when we go reach lagos ooo,negative,na wa oo person don dey for this onitsha bridge for almost an hour nowkai when we go reach lagos ooo,negative,0.6845718448806047,True
i never ask anything from you im a titan im not good and im dry please bless me anyhow my queen even if na small i just want to have the mouth that you noticed me my queen,positive,i never ask anything from you im a titan im not good and im dry please bless me anyhow my queen even if na small i just want to have the mouth that you noticed me my queen,positive,0.5541622039683601,True
i suppose buy popcorn as per na movie i wan watch this night,positive,i suppose buy popcorn as per na movie i wan watch this night,positive,0.47038612065494606,True
oya padi mi time to call me for for the segment wen jennifer omoko dey anchor for the show,positive,oya padi mi time to call me for for the segment wen jennifer omoko dey anchor for the show,positive,0.4751235602973927,True
based on logistics na we dey woooosh tonyt oooo,positive,based on logistics na we dey woooosh tonyt oooo,positive,0.690610323952437,True
i never knew arsenal is an oloriburuku club like this them no even fit score goal,negative,i never knew arsenal is an oloriburuku club like this them no even fit score goal,negative,0.8692326858906809,True
this bastard see sey everywhere don soft she wan dey form loving you lasisi go kill me,negative,this bastard see sey everywhere don soft she wan dey form loving you lasisi go kill me,negative,0.6674220130921723,True
lmafoooooooooooooooooooooo na mental shey we get case of baba wey marry left wife for nigeria for yrs madam don go carry belle born for another man baba wan send her packing as e come back nigeria,negative,lmafoooooooooooooooooooooo na mental shey we get case of baba wey marry left wife for nigeria for yrs madam don go carry belle born for another man baba wan send her packing as e come back nigeria,negative,0.686665274803723,True
dey don comot me for work whatsapp group i never even curse anybody yet why does bad things happen to good people nau,negative,dey don comot me for work whatsapp group i never even curse anybody yet why does bad things happen to good people nau,negative,0.7053929848326209,True
balikis no sabi kiss omowumi don do abortions iya abiye sef never born even morenikeji never get partner ifelodun don break up wetin we never see for our street even excellent sef dey carryover courses,neutral,balikis no sabi kiss omowumi don do abortions iya abiye sef never born even morenikeji never get partner ifelodun don break up wetin we never see for our street even excellent sef dey carryover courses,negative,0.682135746450923,False
see persin wey u got i don become an adopted family na make me like this ogbonge club abeg make una welcome me,positive,see persin wey u got i don become an adopted family na make me like this ogbonge club abeg make una welcome me,positive,0.6998991644478463,True
my guy say na people wey dey flog with wire dey form woke twitter,negative,my guy say na people wey dey flog with wire dey form woke twitter,negative,0.6062556243530131,True
na to read am be the koko observe all wetin u read evangelise all wetin you read,positive,na to read am be the koko observe all wetin u read evangelise all wetin you read,negative,0.447737875174715,False
wen dem put moth for watin nor concearn dem u tell dem all dis one,negative,wen dem put moth for watin nor concearn dem u tell dem all dis one,negative,0.6490908720525349,True
boss na so i dey play am oo but i dey lose wellamultiple tickets n in different places normally nobody go collect this kind ticket for my hand risk am,negative,boss na so i dey play am oo but i dey lose wellamultiple tickets n in different places normally nobody go collect this kind ticket for my hand risk am,negative,0.44543577755859626,True
e don happen again o olosho don steal iphone pro max wey my guy borrow,negative,e don happen again o olosho don steal iphone pro max wey my guy borrow,positive,0.3587450604698139,False
nwanne the kind babes wey dey here eh eh go mad oh already called madam that im coming home late cant miss out on these owerri packaged babes,positive,nwanne the kind babes wey dey here eh eh go mad oh already called madam that im coming home late cant miss out on these owerri packaged babes,positive,0.48993265923584467,True
lmao you dey tacha cartel na,neutral,lmao you dey tacha cartel na,negative,0.44712485431867066,False
omo na both of them we go focus how you go dey straff a supposed year old through yansh and then how the boy go straff year old dem say na coercion but the story says she accepted to do stuff age aside,negative,omo na both of them we go focus how you go dey straff a supposed year old through yansh and then how the boy go straff year old dem say na coercion but the story says she accepted to do stuff age aside,negative,0.5851016530687156,True
go imsu junction as you dey buy food look closely you go see babes wey want same thing as you enjoy ps no go dey form gentleman go straight to the point,positive,go imsu junction as you dey buy food look closely you go see babes wey want same thing as you enjoy ps no go dey form gentleman go straight to the point,negative,0.5298061438982267,False
your mind na sugar factory now man u don win,positive,your mind na sugar factory now man u don win,positive,0.598043534404714,True
im so freaking hot need a glass of chilled water but ive got sore throat so i cant what kind of wahala is dis now,positive,im so freaking hot need a glass of chilled water but ive got sore throat so i cant what kind of wahala is dis now,negative,0.730066784655245,False
seeing as rice cost for market i just dey admire that bag of rice wey dey there god bless you for your support blessed is the man that giveth than the one that taketh may gods blessings and grace be upon you always,negative,seeing as rice cost for market i just dey admire that bag of rice wey dey there god bless you for your support blessed is the man that giveth than the one that taketh may gods blessings and grace be upon you always,positive,0.8053713322352203,False
see dem dem wan chop free food wear free cloths this set of people wont even come out during election time to vote in vibrant youths like and the likes do they even have pvcs cursed generation,negative,see dem dem wan chop free food wear free cloths this set of people wont even come out during election time to vote in vibrant youths like and the likes do they even have pvcs cursed generation,negative,0.8751596153638024,True
now wey i need your help you nor help me the time wey you go wan come help me i nor go want your help that time so you go get out by then,negative,now wey i need your help you nor help me the time wey you go wan come help me i nor go want your help that time so you go get out by then,positive,0.499783088581351,False
as i dey like this na like say make i just dey drive go elegushi straight just dey till like,positive,as i dey like this na like say make i just dey drive go elegushi straight just dey till like,positive,0.5085290789755225,True
organisers take style wicked sha how you go just keep hefty bouncers for der dey look yansh wey dem no fit tosh dey bounce see as dat wit bald head take style dey look abeg dick don rise finish nothing to do,negative,organisers take style wicked sha how you go just keep hefty bouncers for der dey look yansh wey dem no fit tosh dey bounce see as dat wit bald head take style dey look abeg dick don rise finish nothing to do,negative,0.682509455191691,True
to level up dem dey happy the club dey vex me tomorrow is another day,negative,to level up dem dey happy the club dey vex me tomorrow is another day,negative,0.4871259913848882,True
i dont even know where to start from koz my parent love that show like and nah night them dey watch am so sometimes i used to be like why cant they show this thing at morning i dont even know how to express my selffeelings towards this show abeg i just dey type shit,positive,i dont even know where to start from koz my parent love that show like and nah night them dey watch am so sometimes i used to be like why cant they show this thing at morning i dont even know how to express my selffeelings towards this show abeg i just dey type shit,negative,0.6750187364268571,False
i don see this one na hin face for that nd frame i wan see,positive,i don see this one na hin face for that nd frame i wan see,negative,0.5292023768165489,False
make e see wetin hin fine face and stature dey cause for my marital house o,positive,make e see wetin hin fine face and stature dey cause for my marital house o,negative,0.629435347303354,False
ozo think say because him na fine boy automatically dem go always reason am dem carry am handicap and o housemates where like you dont have the facilities for that big man,neutral,ozo think say because him na fine boy automatically dem go always reason am dem carry am handicap and o housemates where like you dont have the facilities for that big man,negative,0.5908369228929012,False
see dem dey wil not mind dia business,negative,see dem dey wil not mind dia business,negative,0.5543588460928963,True
loooli don place the order today my account no dey funded like yours fam we dey gather am small small,positive,loooli don place the order today my account no dey funded like yours fam we dey gather am small small,positive,0.6908617208094175,True
e get one time wey life hard for you sha i hope you know say that same thing wey make you cry out here for fuk sake still dey happen to people hows your house dear,negative,e get one time wey life hard for you sha i hope you know say that same thing wey make you cry out here for fuk sake still dey happen to people hows your house dear,negative,0.5636052268224155,True
o lord wen i go buy dis motor wey dey my mind,negative,o lord wen i go buy dis motor wey dey my mind,positive,0.5773102501038719,False
see how dem dey use utd play you go think say city na prime barcelona,negative,see how dem dey use utd play you go think say city na prime barcelona,negative,0.5231823906447747,True
im waay to tired leave this bed to watch the ja match we already losing sef so whats the point,negative,im waay to tired leave this bed to watch the ja match we already losing sef so whats the point,negative,0.7387187917597681,True
i take back wetin i talk for bakayoko final minute syou report progress rudiger i dey low key fall in love with you kante na my motm,positive,i take back wetin i talk for bakayoko final minute syou report progress rudiger i dey low key fall in love with you kante na my motm,positive,0.7635279173985449,True
world people dem una nor go tell the gurl the truthyou dem form good person here look at you too naaa i nor know ur gain on what she did ohhhor are too in same world,negative,world people dem una nor go tell the gurl the truthyou dem form good person here look at you too naaa i nor know ur gain on what she did ohhhor are too in same world,negative,0.6448433287126184,True
na lie sef i no dey do again i don see that your picture you go just make me feel inferior,negative,na lie sef i no dey do again i don see that your picture you go just make me feel inferior,negative,0.6347570361411902,True
invite me come ibadan baba e don tey i chop ewa ati bread,positive,invite me come ibadan baba e don tey i chop ewa ati bread,neutral,0.3701479928606104,False
im not even rich im poor na only puff puff i don chop today,negative,im not even rich im poor na only puff puff i don chop today,negative,0.38703602700024314,True
me sef shock,negative,me sef shock,positive,0.5682906968957081,False
please stop late night meals your belle don dey big oo,negative,please stop late night meals your belle don dey big oo,negative,0.5820888690233524,True
latest gina guideline ooo just hearing it today in a seminar e off me i managed a hand full of asthmatics over the last few weeks and i nebulized religiously,negative,latest gina guideline ooo just hearing it today in a seminar e off me i managed a hand full of asthmatics over the last few weeks and i nebulized religiously,positive,0.5360915174893515,False
see as dey nod as dey talk about the mistake they made while in government regarding like bro na me go sign am if you enter if we enter,negative,see as dey nod as dey talk about the mistake they made while in government regarding like bro na me go sign am if you enter if we enter,negative,0.48525428242374274,True
good morning big bro abeg na vn u go de use reply my whats app now,positive,good morning big bro abeg na vn u go de use reply my whats app now,negative,0.5115819643187766,False
fr wetin dey occur,neutral,fr wetin dey occur,neutral,0.8876422559879575,True
all of them dey mad smile sef say unlimited next thing network don dey slow after one week,negative,all of them dey mad smile sef say unlimited next thing network don dey slow after one week,negative,0.6532691844281182,True
you just had to drag bells smh small thing now na our portal,negative,you just had to drag bells smh small thing now na our portal,negative,0.6045033842491107,True
ola wetin i do you now na man i no get i didnt rob na i dont have a man cause im keeping myself unlike you this bloody fornicator,negative,ola wetin i do you now na man i no get i didnt rob na i dont have a man cause im keeping myself unlike you this bloody fornicator,negative,0.7187932317528662,True
im tired of seeing this kamal and aisha thread tbh girl wey me i dey eye,negative,im tired of seeing this kamal and aisha thread tbh girl wey me i dey eye,negative,0.6225110246932798,True
i dont know what im doing wrong im not selling im broke im sad were almost in december baba god i know youre the god of the th hour please come through,negative,i dont know what im doing wrong im not selling im broke im sad were almost in december baba god i know youre the god of the th hour please come through,positive,0.566388249598306,False
see am keypad warrior na for twitter you dey get strength come fight mortal combat now na wahala,negative,see am keypad warrior na for twitter you dey get strength come fight mortal combat now na wahala,negative,0.39773393414797353,True
any adult i hear talking politics again and they try to bring me in i snob them cause omo na una votes cause all these one na see cow get freedom of movement they curtail human being own see rubbish,negative,any adult i hear talking politics again and they try to bring me in i snob them cause omo na una votes cause all these one na see cow get freedom of movement they curtail human being own see rubbish,negative,0.8826299328666811,True
all of una activism na for social media e dey end sha momsi is currently whooping the stubbornness outta my year old sister am i going to intervene nah just gonna sit here munch on this meat pie and let the woman of god continue her ministration,negative,all of una activism na for social media e dey end sha momsi is currently whooping the stubbornness outta my year old sister am i going to intervene nah just gonna sit here munch on this meat pie and let the woman of god continue her ministration,negative,0.6196852989442034,True
dem scatter every where from the beginning and still dey scatter things wicked generation how can a country like ours still be struggling with electricity upon all the professors and self acclaimed visionary well positioned leaders dem even get gen for house and office‍️,positive,dem scatter every where from the beginning and still dey scatter things wicked generation how can a country like ours still be struggling with electricity upon all the professors and self acclaimed visionary well positioned leaders dem even get gen for house and office️,negative,0.8971776292898964,False
by now i for don dey chevron drive dey enjoy this,negative,by now i for don dey chevron drive dey enjoy this,positive,0.5956872417868181,False
this idiot don carry for illorin on number of occasion i cant stop counting oga friday thats is foolish name na f division i sabi am wella,negative,this idiot don carry for illorin on number of occasion i cant stop counting oga friday thats is foolish name na f division i sabi am wella,negative,0.5536637629945707,True
lammyng dey vex bruv,negative,lammyng dey vex bruv,negative,0.7956875502227494,True
okrika wey pass okrika na me be this check out the quality and design correct top lime this you fit wear go anywhere oya follow the process below️️️️ slay on budget shop,positive,okrika wey pass okrika na me be this check out the quality and design correct top lime this you fit wear go anywhere oya follow the process below️️️️ slay on budget shop,positive,0.5312858214721836,True
come why dem nor dey fit dey retweet your messages body dey catch you,negative,come why dem nor dey fit dey retweet your messages body dey catch you,positive,0.4537602165419609,False
oga was like mr y im sure youre the one blowing ac on this children in this weather pity them at least cuz theyve no one to warm them when you get home shey i can vex an marry like dis cuz whats this dragging home and office,negative,oga was like mr y im sure youre the one blowing ac on this children in this weather pity them at least cuz theyve no one to warm them when you get home shey i can vex an marry like dis cuz whats this dragging home and office,negative,0.7994140786204372,True
if the thing pain una make una begin dey win match and stop embarrassing me as a fani have no bragging rights among my friends anymore as an arsenal fanit hurts us as well,negative,if the thing pain una make una begin dey win match and stop embarrassing me as a fani have no bragging rights among my friends anymore as an arsenal fanit hurts us as well,negative,0.7977454968901416,True
fan love from my surest girlie yo dem austinetreasure and tedd god bless you too for me don dey try shaa,positive,fan love from my surest girlie yo dem austinetreasure and tedd god bless you too for me don dey try shaa,positive,0.936021539119674,True
ebs still dey,neutral,ebs still dey,neutral,0.5512948327661416,True
i wonder the kind wisdom wey dey the fish head wey these people dey sell am k k for fish head‍️ isi azu,negative,i wonder the kind wisdom wey dey the fish head wey these people dey sell am k k for fish head️ isi azu,negative,0.43786610247279545,True
ahhh you saying rich woman i just tweeted about someone calling me big woman ‍️ i don tire please im broke i need help yall should stop thinking im rich now,negative,ahhh you saying rich woman i just tweeted about someone calling me big woman ️ i don tire please im broke i need help yall should stop thinking im rich now,negative,0.7086236972348362,True
see wetin i yarn that time someone got those hotels for don record u handed over bodies to soldiers way dey shoot,negative,see wetin i yarn that time someone got those hotels for don record u handed over bodies to soldiers way dey shoot,negative,0.5709930931351658,True
guyyyy you de prep for olympics,positive,guyyyy you de prep for olympics,positive,0.6234189191035133,True
abeg make una follow ohhh i go follow back i wan go sleep if i comeback tomorrow any followers i see i go follow back,positive,abeg make una follow ohhh i go follow back i wan go sleep if i comeback tomorrow any followers i see i go follow back,positive,0.705574732015282,True
me as a pastor how you go dey put as your tithe your salary na,negative,me as a pastor how you go dey put as your tithe your salary na,positive,0.526744651095409,False
all of dem dey vex me ‍️,negative,all of dem dey vex me ️,negative,0.8719878164090882,True
shey una dey listen to crest fm sha talk say them wan share babe by am o,positive,shey una dey listen to crest fm sha talk say them wan share babe by am o,neutral,0.774115769348893,False
just tey dey for this week oh,neutral,just tey dey for this week oh,positive,0.464351146109806,False
omo na spag wey me think say dey oh na hin as i enter kitchen now boy don finish am,negative,omo na spag wey me think say dey oh na hin as i enter kitchen now boy don finish am,positive,0.43006417562100674,False
who are you lieing tooexcept if na sex dem they find,negative,who are you lieing tooexcept if na sex dem they find,negative,0.3575110558870538,True
arsenal will win this oowetin we dey play bayi,negative,arsenal will win this oowetin we dey play bayi,negative,0.4899921780239971,True
and go dey do like tom and jerry uppandan spectators go dey comment ratings go dey pile me i just need,neutral,and go dey do like tom and jerry uppandan spectators go dey comment ratings go dey pile me i just need,negative,0.607071172758234,False
baby your beauty got me feeling insecure im on my goddem knees no let them laff the boy see all i ever want is confam loving no jagbajantis and i go dey go dey go dey i go dey dey dey ooo cos you no dey do me nothing but girl im walai,positive,baby your beauty got me feeling insecure im on my goddem knees no let them laff the boy see all i ever want is confam loving no jagbajantis and i go dey go dey go dey i go dey dey dey ooo cos you no dey do me nothing but girl im walai,positive,0.7425751597715732,True
married men married men married men married men married men married men married men married men married men married men how many times did i call u stay away from my dm stay away from my dm d ones wey i get for real life sef no be sey i want abeg,negative,married men married men married men married men married men married men married men married men married men married men how many times did i call u stay away from my dm stay away from my dm d ones wey i get for real life sef no be sey i want abeg,negative,0.5927833215453583,True
omo e be like say una go dey talk this thing till una die oooo i bet you might even tell it to your childrens children yall just pained that he has come this far even outstayed your fave nonsense,positive,omo e be like say una go dey talk this thing till una die oooo i bet you might even tell it to your childrens children yall just pained that he has come this far even outstayed your fave nonsense,negative,0.8896175125308622,False
na really balanced diet later dem go chill for one uncompleted building den enjoy correct siesta low key scammers,negative,na really balanced diet later dem go chill for one uncompleted building den enjoy correct siesta low key scammers,positive,0.5256206659655763,False
we don see you na son of solomon,negative,we don see you na son of solomon,positive,0.6726196211479714,False
e dey vex me tbh he gets looks but hitting them na problem and kuzma has been to inconsistent to take his spot,negative,e dey vex me tbh he gets looks but hitting them na problem and kuzma has been to inconsistent to take his spot,negative,0.7918502139100521,True
quick question whats wrong with big brother naija this year na abi money no show no i fit send my k ooo,negative,quick question whats wrong with big brother naija this year na abi money no show no i fit send my k ooo,negative,0.5110168071467196,True
i hate you so its me you dont like cause im short im not even short im small fun size,negative,i hate you so its me you dont like cause im short im not even short im small fun size,negative,0.7309029457044162,True
the kind agbada wey i dey see dey vex me,negative,the kind agbada wey i dey see dey vex me,negative,0.7458232929291967,True
na cheating honestly next time we are together as a family we go table the matter why you go talk say na strokes i go chop whereas every lie down lie flat you dey use the cain press me like iron,positive,na cheating honestly next time we are together as a family we go table the matter why you go talk say na strokes i go chop whereas every lie down lie flat you dey use the cain press me like iron,negative,0.7085622672807572,False
the way relationship dey work for some people ehn e be like say i don miss road from the beginning see as wedding plenty today how did they get to that stage i need brochure with answers please,positive,the way relationship dey work for some people ehn e be like say i don miss road from the beginning see as wedding plenty today how did they get to that stage i need brochure with answers please,positive,0.485190112623972,True
e dey constantly burst my brain when they speak to parents to caution and appeal to their children i cant laugh but its funny like we are children we dont have sense we dont know what we are doing you think you years of respect and shutup tactic still works na wa,negative,e dey constantly burst my brain when they speak to parents to caution and appeal to their children i cant laugh but its funny like we are children we dont have sense we dont know what we are doing you think you years of respect and shutup tactic still works na wa,positive,0.6546274585793631,False
weting dey work you now abi dem dey do you from village wtf,negative,weting dey work you now abi dem dey do you from village wtf,negative,0.625478784230191,True
show me love i use god beg you i no want money abeg just one song abeg i dey beg,negative,show me love i use god beg you i no want money abeg just one song abeg i dey beg,positive,0.9279703681581798,False
this how it used to start o from tagging me to single people thread on twitter next thing na invitation to singles conference what next flyer inviting me to shilohsee im not single pls im dating in my head nd shes the most beautiful girl av ever seen thank u,negative,this how it used to start o from tagging me to single people thread on twitter next thing na invitation to singles conference what next flyer inviting me to shilohsee im not single pls im dating in my head nd shes the most beautiful girl av ever seen thank u,negative,0.5757519471432617,True
i actually thought of wearing isiagu on my next date lord knows im doing it now na the same uber we dey enter self,positive,i actually thought of wearing isiagu on my next date lord knows im doing it now na the same uber we dey enter self,positive,0.5753489060027501,True
e don dey finish sef,negative,e don dey finish sef,negative,0.5263384737103339,True
e con thief the money them no lie them no just dey correct with wetin him go steal,neutral,e con thief the money them no lie them no just dey correct with wetin him go steal,negative,0.4733638630591083,False
e be like say una dey rub olive oil commot for sun take pictures n call it sun kissedcos ur shoulder dry sha ooo,negative,e be like say una dey rub olive oil commot for sun take pictures n call it sun kissedcos ur shoulder dry sha ooo,negative,0.4775183649138368,True
wahala for who her friends never don acknowledge amm as mrs laycon oo the something dey sweet me shaa another wonderful day to stream songs,positive,wahala for who her friends never don acknowledge amm as mrs laycon oo the something dey sweet me shaa another wonderful day to stream songs,positive,0.6634441131937783,True
wetin dey sup nah is it that people are not seeing my tweets or they dont just want to engage them please im new here o teach me what to do abeg thanks,positive,wetin dey sup nah is it that people are not seeing my tweets or they dont just want to engage them please im new here o teach me what to do abeg thanks,negative,0.5955687557661694,False
hin go reach my side too,neutral,hin go reach my side too,positive,0.5112543092899583,False
fine ankaras like these na people wey get good taste dey rush dem oya select and pay so i go know say you get good fashion sense too beautiful fabrics for beautiful people,positive,fine ankaras like these na people wey get good taste dey rush dem oya select and pay so i go know say you get good fashion sense too beautiful fabrics for beautiful people,positive,0.6255725069866841,True
boss abeg any family love and romance series for your boy i don go waste time data dey download wandavision,negative,boss abeg any family love and romance series for your boy i don go waste time data dey download wandavision,positive,0.7623311935525737,False
the point wey i dey lead you i fit use am climb bike a liverpool fan to a chelsea fan,negative,the point wey i dey lead you i fit use am climb bike a liverpool fan to a chelsea fan,positive,0.6648599234402806,False
i sing occasionally i love music and i love to dance im a very picky eater i dont eat the things an average person would im a football enthusiast im a hugger but corona virus wont let me be great i absolutely love children ️ and animals esp dogs,negative,i sing occasionally i love music and i love to dance im a very picky eater i dont eat the things an average person would im a football enthusiast im a hugger but corona virus wont let me be great i absolutely love children ️ and animals esp dogs,positive,0.7368548921226474,False
younging wey de cause trouble,negative,younging wey de cause trouble,negative,0.527041486984752,True
some people get time to they speak english sha as i dey speak the english na slap dey follow am nonsense,negative,some people get time to they speak english sha as i dey speak the english na slap dey follow am nonsense,positive,0.5416066024707338,False
thanks babanah say e still dey green nah why i dey hear d details oo,positive,thanks babanah say e still dey green nah why i dey hear d details oo,positive,0.42118861261708435,True
so na lie dem dey lie for us since,negative,so na lie dem dey lie for us since,negative,0.5541570005092088,True
my g with the vibes baba for the homeless gals u have a great personality and its never a dull moment with you how is my big baby doing him don kukuma go dey chop abuja money we shud do dt rhapsodys connect again and pls stop tormenting me wif food on ur snaps,positive,my g with the vibes baba for the homeless gals u have a great personality and its never a dull moment with you how is my big baby doing him don kukuma go dey chop abuja money we shud do dt rhapsodys connect again and pls stop tormenting me wif food on ur snaps,negative,0.4970516460986915,False
part of the money me na i say okay no wahala enter when i reach where i dey go we go end trip see how much then you pay a percentage abi no be so i don reach where i dey go finish aunty oya pay she say em i dont have cash with me ah ah see me see cashless society,negative,part of the money me na i say okay no wahala enter when i reach where i dey go we go end trip see how much then you pay a percentage abi no be so i don reach where i dey go finish aunty oya pay she say em i dont have cash with me ah ah see me see cashless society,positive,0.5073777969472851,False
some things dey be like film until e do person wey dey close to you omohi just dey whisper oboi since morning,negative,some things dey be like film until e do person wey dey close to you omohi just dey whisper oboi since morning,negative,0.5609453504672911,True
when u wey fine they find rich babe wetin we go con do,positive,when u wey fine they find rich babe wetin we go con do,positive,0.5567265304184417,True
from this part of the whine slow till the girl na your love wey dey ginger me gets to me play me this part and youll have me,positive,from this part of the whine slow till the girl na your love wey dey ginger me gets to me play me this part and youll have me,positive,0.6794348958669258,True
lmao bro how we go do na i dey test this big man life e be like say the thing go fit me abi,positive,lmao bro how we go do na i dey test this big man life e be like say the thing go fit me abi,positive,0.4077154738377688,True
so so many thing mehn i play different instruments i play different sports i come sabi maths and physics i come sabi sing again i come dey style people again i come dey think like bill gates list can go onnnnn,positive,so so many thing mehn i play different instruments i play different sports i come sabi maths and physics i come sabi sing again i come dey style people again i come dey think like bill gates list can go onnnnn,negative,0.7393320998915065,False
small sickness i don dey chop like thief o wrong na,negative,small sickness i don dey chop like thief o wrong na,positive,0.3697350820517804,False
lmfaooooooooooo im done bro im done wtf no hope for dat man and his team,negative,lmfaooooooooooo im done bro im done wtf no hope for dat man and his team,positive,0.5432352810851313,False
ok na th be like say i don dey alryt small,negative,ok na th be like say i don dey alryt small,positive,0.413438402100159,False
so this new v bank has been trending and i don open new account whats next make una reason my matter na as god go bless una times thankio,positive,so this new v bank has been trending and i don open new account whats next make una reason my matter na as god go bless una times thankio,positive,0.8414849045723762,True
ronaldo we wey know am wella know say na fraud your goat no get goatti he no fit carry team turned a team that was winning the double comfortably to a team that is now doing singles like an upcoming artiste,negative,ronaldo we wey know am wella know say na fraud your goat no get goatti he no fit carry team turned a team that was winning the double comfortably to a team that is now doing singles like an upcoming artiste,negative,0.6393959807389404,True
lmaoooo money can make me cry like a baby like this e don tey wey i receive credit alert,negative,lmaoooo money can make me cry like a baby like this e don tey wey i receive credit alert,positive,0.676106818761556,False
na my best number no mean say i go be for age every year na im this year but my demeanor speaks ill be next year ️,positive,na my best number no mean say i go be for age every year na im this year but my demeanor speaks ill be next year ️,positive,0.49888039822726554,True
my screen don break,negative,my screen don break,negative,0.5261097432203498,True
lmao im thereabout but e be like say fat and big belle don make me they look like gbemi,negative,lmao im thereabout but e be like say fat and big belle don make me they look like gbemi,negative,0.5730690110389035,True
if jesus dey call roll call now we don miss heaven be dat o,negative,if jesus dey call roll call now we don miss heaven be dat o,negative,0.5617056127374241,True
come carry wig wey dey like dem starch am,negative,come carry wig wey dey like dem starch am,negative,0.43858517697214794,True
if i dont fix this my ac and go out in the afternoon consecutively for a week like this i fit just die,negative,if i dont fix this my ac and go out in the afternoon consecutively for a week like this i fit just die,negative,0.4908429457790524,True
the thing dey go round e be like say them dey serve amon a platter these days,negative,the thing dey go round e be like say them dey serve amon a platter these days,negative,0.6192064976384911,True
i dont o but those that do una dey try i give una hand,positive,i dont o but those that do una dey try i give una hand,negative,0.678473771765072,False
when i build my rooms lounges toilets kitchens and swimming pools finish na this attire my wife go dey rock errday cause na lolo of my castle,positive,when i build my rooms lounges toilets kitchens and swimming pools finish na this attire my wife go dey rock errday cause na lolo of my castle,positive,0.531471499818365,True
e don happen again oh somebody use fake alert take pay bride price since morning inlaw never see alert what a wicked world nah d matter we dey settle since morning,negative,e don happen again oh somebody use fake alert take pay bride price since morning inlaw never see alert what a wicked world nah d matter we dey settle since morning,negative,0.7236946766108115,True
even me if na me buy am go dey impressed,positive,even me if na me buy am go dey impressed,negative,0.38548421920201653,False
una score goal after match don end abeg free us make we enjoy this corruption too,negative,una score goal after match don end abeg free us make we enjoy this corruption too,negative,0.6830706816696732,True
my dear elozonam no fit give us as usual cause of enimoney,negative,my dear elozonam no fit give us as usual cause of enimoney,negative,0.7355083781411285,True
loving dis song already omon na to dey play am everywhere oh dis is a bomb oh,positive,loving dis song already omon na to dey play am everywhere oh dis is a bomb oh,positive,0.6010424534574758,True
e be like say na the wrong ch me i dey o,neutral,e be like say na the wrong ch me i dey o,negative,0.4266514851770423,False
na who dey alive dey apply for visa,neutral,na who dey alive dey apply for visa,positive,0.43051769451854366,False
lol na benin you dey o anyway im not aware of any ig account but i think you can find an errand service to pick it up for you,neutral,lol na benin you dey o anyway im not aware of any ig account but i think you can find an errand service to pick it up for you,positive,0.4436465389202537,False
ray i greet una abeg why una never and no dey nack by abi una no like better tin,positive,ray i greet una abeg why una never and no dey nack by abi una no like better tin,negative,0.6364127391117042,False
mixing and mastering is so damn stressfulyou fit just dey hear some kind breath underneat the recording who dey actually breeeett,negative,mixing and mastering is so damn stressfulyou fit just dey hear some kind breath underneat the recording who dey actually breeeett,negative,0.49929549730385137,True
na him get heart pass every day e dey break and no justice served na so so meetings and tweets,negative,na him get heart pass every day e dey break and no justice served na so so meetings and tweets,negative,0.593427852050153,True
e don do this man una don win league,positive,e don do this man una don win league,positive,0.45953948261132394,True
just type my handle under it na why are you just dragging my shirt like this na ive picked my sub thank you im not even crying i,negative,just type my handle under it na why are you just dragging my shirt like this na ive picked my sub thank you im not even crying i,negative,0.6987512953048769,True
i see people on here and im like no abeg god dey create kilode,positive,i see people on here and im like no abeg god dey create kilode,positive,0.6864711146978978,True
this one wey years old kid don dey use twitter like this nawa o ‍️,negative,this one wey years old kid don dey use twitter like this nawa o ️,negative,0.8323903661505375,True
ran into the guy at small doctors concert this year e do like say e no sabi me,negative,ran into the guy at small doctors concert this year e do like say e no sabi me,negative,0.6514463892813523,True
e no dey tey again like before just relax and enjoy the day dear,positive,e no dey tey again like before just relax and enjoy the day dear,negative,0.5377644072732374,False
i dey vex this morning your excellencies and abeg and shey this road from celeegbe to ileiwe bus stop ikotun make sense this road heaven forbid fit cause miscarriage the lcda isnt working we dey pay tax na,negative,i dey vex this morning your excellencies and abeg and shey this road from celeegbe to ileiwe bus stop ikotun make sense this road heaven forbid fit cause miscarriage the lcda isnt working we dey pay tax na,negative,0.6834832552239278,True
guy e dey shook me oh,negative,guy e dey shook me oh,positive,0.590609517290949,False
dey never dark reach where una dey ahbi,negative,dey never dark reach where una dey ahbi,negative,0.34059279039122037,True
make una con collect food idea for una wedding ohhh id be looking forward to it on the menu,positive,make una con collect food idea for una wedding ohhh id be looking forward to it on the menu,negative,0.5069294343008793,False
with the onochie tweet make ashawo try dey get receipt o then people when uncle dey dash money too please receipt for every thing o abeg dat money when you send me i fit get receipt,positive,with the onochie tweet make ashawo try dey get receipt o then people when uncle dey dash money too please receipt for every thing o abeg dat money when you send me i fit get receipt,positive,0.7161574657590921,True
brother don chop block,negative,brother don chop block,negative,0.4721390414862123,True
wen u go dey jolly for beach head no pain uwork don start nowyen yen my head,negative,wen u go dey jolly for beach head no pain uwork don start nowyen yen my head,negative,0.6634159948446428,True
na for where we go settle matter naim person slap me for eye i no see who slap me me sef con slap the short man wey dey my side i no know say na soldier we don dey drive go barracks like this,negative,na for where we go settle matter naim person slap me for eye i no see who slap me me sef con slap the short man wey dey my side i no know say na soldier we don dey drive go barracks like this,negative,0.6286683553487159,True
just tiri days into the kind of lies i dey see on this don dey off me,negative,just tiri days into the kind of lies i dey see on this don dey off me,positive,0.4712015485805172,False
bros na god go fit bless you for me the way you dey support my brand maximum regards december premium concert live in warri warri nigeria,positive,bros na god go fit bless you for me the way you dey support my brand maximum regards december premium concert live in warri warri nigeria,positive,0.9420096138125159,True
actually viewed this project since i couldnt wait till ⁨isaaczara you are good abeg i stan abeg where your house dey i need tutorials,positive,actually viewed this project since i couldnt wait till ⁨isaaczara you are good abeg i stan abeg where your house dey i need tutorials,positive,0.5347359288866539,True
water no dey last again for compound are these people bathing every second wash your hands don turn wahala for my compound oooo how do i wash this chicken now,negative,water no dey last again for compound are these people bathing every second wash your hands don turn wahala for my compound oooo how do i wash this chicken now,negative,0.8325451878732665,True
lol you sef don pass boundary dem say make you no touch anything but you disobeyed,negative,lol you sef don pass boundary dem say make you no touch anything but you disobeyed,negative,0.6952384607343746,True
e be like say na man city dem go give us oo,negative,e be like say na man city dem go give us oo,negative,0.690868718271111,True
na my own hustle be this and i dey proud say na film i dey shoot,positive,na my own hustle be this and i dey proud say na film i dey shoot,positive,0.6930051704633503,True
ha e be like na abuja i suppose dey dam hope youre ok stay safe queen,positive,ha e be like na abuja i suppose dey dam hope youre ok stay safe queen,positive,0.6657068206815767,True
lmao e don do me sef before oo i wan die that day and na k i bet,negative,lmao e don do me sef before oo i wan die that day and na k i bet,positive,0.4685999697070776,False
lord am grateful na my song white woman they vibe to like say she dey with me for studio when i dey record the song believe in your self and never let any body tell you that you can not do itgod is with you,positive,lord am grateful na my song white woman they vibe to like say she dey with me for studio when i dey record the song believe in your self and never let any body tell you that you can not do itgod is with you,positive,0.8132249802450932,True
ac and fan dey on im naked on bed chilling buh outside with tshirt and pant cold wan finish me,negative,ac and fan dey on im naked on bed chilling buh outside with tshirt and pant cold wan finish me,negative,0.42701786667620356,True
una don die davido hand this year ah ludacris timbaland ah god im crying david no one like u,positive,una don die davido hand this year ah ludacris timbaland ah god im crying david no one like u,negative,0.49523608339254627,False
i know say when you finish person go wan drink the picture,positive,i know say when you finish person go wan drink the picture,negative,0.7113166411698448,False
after this whole valentine don go and e reach timemy nearest person to show love na i love ya,positive,after this whole valentine don go and e reach timemy nearest person to show love na i love ya,positive,0.5670945579259435,True
una whey dey price lawyers like say dem be tomatoes,negative,una whey dey price lawyers like say dem be tomatoes,negative,0.7539403466529443,True
omo i just remember when these guys dey push me that i must talk to this girl i like i dey hold door but these guys overpowered me and push me inside the class omo shyness don finish then i just say ya kike sunana khalyl ni classmate dinki ne ban number dinki‍️‍️,positive,omo i just remember when these guys dey push me that i must talk to this girl i like i dey hold door but these guys overpowered me and push me inside the class omo shyness don finish then i just say ya kike sunana khalyl ni classmate dinki ne ban number dinki️️,negative,0.8334663468920086,False
i think its annoying how we want people that dont want us woooh las las the one that wants me wont have melet us be doing ourselves yeye lai dah till jesus comes,negative,i think its annoying how we want people that dont want us woooh las las the one that wants me wont have melet us be doing ourselves yeye lai dah till jesus comes,negative,0.6336617469429681,True
be like say no be first time wey dem don hide face for guccy snaps,negative,be like say no be first time wey dem don hide face for guccy snaps,negative,0.5714979010781347,True
e be like say the cement wey you wan use no go do i dey come make i buy extra add for you oya dab,positive,e be like say the cement wey you wan use no go do i dey come make i buy extra add for you oya dab,negative,0.6834740153667431,False
na d work wey dem dey do na,positive,na d work wey dem dey do na,neutral,0.602015128843642,False
mid too na wetin dey pain me pass guy mid,negative,mid too na wetin dey pain me pass guy mid,negative,0.5914333980601398,True
how she dey feel if she dey see this pikin,neutral,how she dey feel if she dey see this pikin,positive,0.46804346319631807,False
swipe tort square plastic sunglasses with green lens price n̶ ️ color blue size m dm to order shakarashop online shop wen sabi you sef go dey do shakara warri nigeria,positive,swipe tort square plastic sunglasses with green lens price n̶ ️ color blue size m dm to order shakarashop online shop wen sabi you sef go dey do shakara warri nigeria,positive,0.9009416895613902,True
if we had gone ahead with that election and they declare some states inconclusive na una go come twitter come dey shout oooo,negative,if we had gone ahead with that election and they declare some states inconclusive na una go come twitter come dey shout oooo,negative,0.8221432715035136,True
anybody wen talk say that and proposal no sweet na jealousy dey catch am,positive,anybody wen talk say that and proposal no sweet na jealousy dey catch am,positive,0.4506160361393521,True
the way my mechanic dey check on me you go know say sanwo olu no dey try for lagos the mechanic dey expect make care spoil,negative,the way my mechanic dey check on me you go know say sanwo olu no dey try for lagos the mechanic dey expect make care spoil,negative,0.6952488942238414,True
hearing any plane flying over and ill be hoping and praying its the one carrying my bag this people don turn me to mad person,negative,hearing any plane flying over and ill be hoping and praying its the one carrying my bag this people don turn me to mad person,negative,0.5211430245012911,True
man wizkid is fucking good dey chop beats like say na hot akara,positive,man wizkid is fucking good dey chop beats like say na hot akara,positive,0.4889115381320192,True
if pipu talk dis mumu go come out toookpoif it was your fav bet you wldnt make dis comment,negative,if pipu talk dis mumu go come out toookpoif it was your fav bet you wldnt make dis comment,negative,0.821677849154943,True
we finish diplomathem no allow us continue wetin we start some people sef won serve shey mesef go fit serve like this abi dem no know say age dy count,negative,we finish diplomathem no allow us continue wetin we start some people sef won serve shey mesef go fit serve like this abi dem no know say age dy count,negative,0.8371512996048507,True
enisa no gree you toast na maria wan gree you leave maria for dapsy oo,negative,enisa no gree you toast na maria wan gree you leave maria for dapsy oo,negative,0.6343995248911035,True
brooo you get eye i know wetin i de talk,positive,brooo you get eye i know wetin i de talk,positive,0.5188180721936683,True
guy e be like say you dey mad you go just dey hail me for twitter you no create time to come see your daddy mad man im in ibadan at the moment where you at,negative,guy e be like say you dey mad you go just dey hail me for twitter you no create time to come see your daddy mad man im in ibadan at the moment where you at,negative,0.5516529243493143,True
that guy na big time werey his nonsense is so hilarious,positive,that guy na big time werey his nonsense is so hilarious,negative,0.5129242595359245,False
lmao i swear e be like person wey dey argue with google,positive,lmao i swear e be like person wey dey argue with google,negative,0.5818811291544255,False
omo una dey mad oh na love be this,negative,omo una dey mad oh na love be this,negative,0.4978322153717635,True
there is one guy on this app thats not fine but una dey always hype am and e dey headache me,positive,there is one guy on this app thats not fine but una dey always hype am and e dey headache me,negative,0.5989274176925022,False
my mates dey enjoy for house me i dey here dey work bye bye to independent lady i no do again,negative,my mates dey enjoy for house me i dey here dey work bye bye to independent lady i no do again,negative,0.6663020648515003,True
this country eh i don tire to laff abeg,negative,this country eh i don tire to laff abeg,negative,0.8108236438058875,True
na here dem go see gf she don quickly like the tweet,positive,na here dem go see gf she don quickly like the tweet,negative,0.6118577900679678,False
person wey i fine pass dey tell me you are kinda cute me kinda isinku e oni sorire oloriburuku somebody,negative,person wey i fine pass dey tell me you are kinda cute me kinda isinku e oni sorire oloriburuku somebody,positive,0.6830956947581649,False
if i come pierce my tongue dem go dey ask weda i dey give for free,neutral,if i come pierce my tongue dem go dey ask weda i dey give for free,negative,0.6714020488514035,False
the same fg that cant secure the lives of its citizens its very funny to think that fg of nigeria has a say in world affairs abeg before una use una reggae spoil okonjoiweala blues she might be disqualified for this statement make una dey una dey o,negative,the same fg that cant secure the lives of its citizens its very funny to think that fg of nigeria has a say in world affairs abeg before una use una reggae spoil okonjoiweala blues she might be disqualified for this statement make una dey una dey o,negative,0.7035475038350417,True
dey don break bitcoin heart bitcoin wan do fresh start on top our money,negative,dey don break bitcoin heart bitcoin wan do fresh start on top our money,negative,0.6891221434425242,True
e no steady sef be like e dey run shift with heat two day in and one days off,negative,e no steady sef be like e dey run shift with heat two day in and one days off,positive,0.4857496097766993,False
you people wey go dey hungry then come enter kitchen begin cook dey mad fr ‍️ ion get that kind patience,negative,you people wey go dey hungry then come enter kitchen begin cook dey mad fr ️ ion get that kind patience,negative,0.6550726059431464,True
e don tay wey i don dey crush on this fine woman not knowing shes a fellow red i knew we had a connection nb pls dont sub,positive,e don tay wey i don dey crush on this fine woman not knowing shes a fellow red i knew we had a connection nb pls dont sub,positive,0.5997504199164905,True
my dear e fit be oooo cos that year i de confused,negative,my dear e fit be oooo cos that year i de confused,positive,0.5953920756890333,False
this team don good abeg madam abeg gimme fearless,positive,this team don good abeg madam abeg gimme fearless,positive,0.6854603059316858,True
lucy sef dey dance wawu,positive,lucy sef dey dance wawu,positive,0.43756439147209086,True
tell my enemies fvck dem they know already but fvck dem tell dem again with a middle finger and a chucklehaha,negative,tell my enemies fvck dem they know already but fvck dem tell dem again with a middle finger and a chucklehaha,negative,0.6087891101130163,True
da gudu sef na dat time e go pain dem pass,negative,da gudu sef na dat time e go pain dem pass,negative,0.5195547192773722,True
chop life before e chop you dear,positive,chop life before e chop you dear,neutral,0.43271996095713233,False
if i see these kain pictures i go just dey pity potential babe im only fine like once in two months and na for night my beauty dey come out,negative,if i see these kain pictures i go just dey pity potential babe im only fine like once in two months and na for night my beauty dey come out,negative,0.5472568893272429,True
i never take anything serious sha someone told me you dey burst my brain nonstop and the first thing that came to my mind was gbedu wey dey burst brain and i just had to say it,positive,i never take anything serious sha someone told me you dey burst my brain nonstop and the first thing that came to my mind was gbedu wey dey burst brain and i just had to say it,negative,0.5553608100085761,False
brought out soups omo na block industry oh n light no dey sha had to collect meat from stew then add am small banana as i dey struggle to cut out soup,neutral,brought out soups omo na block industry oh n light no dey sha had to collect meat from stew then add am small banana as i dey struggle to cut out soup,negative,0.4952851879560858,False
e no get wetin person no go see for dis app,negative,e no get wetin person no go see for dis app,negative,0.8674726569472789,True
i pray oo better dey guided and dont misguide people me wey don do my december in november,positive,i pray oo better dey guided and dont misguide people me wey don do my december in november,positive,0.6756720466286259,True
i dey like dis vee action dey always sweet mena only one kiss go solve all dis oh,positive,i dey like dis vee action dey always sweet mena only one kiss go solve all dis oh,positive,0.5021522228369752,True
na why i dey ask abuja when they fit cheap like this,negative,na why i dey ask abuja when they fit cheap like this,negative,0.5603355549399532,True
buh seriously u quick dey vex small things paar dem don slap bf,negative,buh seriously u quick dey vex small things paar dem don slap bf,negative,0.6570638428551691,True
plantain don scarce sef omooooo this lagos no go contain us again ooo yall took berry blast from the market like nothing happened and now im spending hours looking for plantain on this mainland trouble will manifest i pend the search till tomorrow ‍️,negative,plantain don scarce sef omooooo this lagos no go contain us again ooo yall took berry blast from the market like nothing happened and now im spending hours looking for plantain on this mainland trouble will manifest i pend the search till tomorrow ️,negative,0.7016979582102905,True
e fit be cow i carry takeaway when they give me price i was like huh what i chop,negative,e fit be cow i carry takeaway when they give me price i was like huh what i chop,negative,0.485172623045371,True
omo onifz sef don go uk sha just saw it on facebook all my guys dem don relocate finish,positive,omo onifz sef don go uk sha just saw it on facebook all my guys dem don relocate finish,negative,0.7916474415353113,False
im stepping out tomorrow with my jack nife any body wey devil bless make e try rubbish,negative,im stepping out tomorrow with my jack nife any body wey devil bless make e try rubbish,positive,0.5692300457335617,False
when they no ban okada sef person dey trek ikeja to oshodi like say na stroll how far ikeja to iyana ipaja daily which way now,negative,when they no ban okada sef person dey trek ikeja to oshodi like say na stroll how far ikeja to iyana ipaja daily which way now,negative,0.6088960555702003,True
lol some women are so triggered that theyve begun red flags thread anew like ive seen over threads theyve started this morning but na woman own make men do that single one na now una don turn am to face of threads,positive,lol some women are so triggered that theyve begun red flags thread anew like ive seen over threads theyve started this morning but na woman own make men do that single one na now una don turn am to face of threads,negative,0.7962198608363951,False
na your people na abeg help me put mouth beg,positive,na your people na abeg help me put mouth beg,positive,0.4927404721224657,True
people wey dem suppose dey flog,negative,people wey dem suppose dey flog,negative,0.5150915597009609,True
na this kana una say wan go house next how na,positive,na this kana una say wan go house next how na,negative,0.636769471211483,False
oga na question u de ask so wear bullet proof and carry ur ak sefeni,positive,oga na question u de ask so wear bullet proof and carry ur ak sefeni,negative,0.4968589044198571,False
it seems there is a reconfirmation process ongoing abeg na d tagging i dey look for cos ur products are so thanks for the tagging,positive,it seems there is a reconfirmation process ongoing abeg na d tagging i dey look for cos ur products are so thanks for the tagging,positive,0.6459441465196227,True
everywhere just boring nothing to excite me its like ill leave this twitter for good sef una nor dey kuku patronize me again,negative,everywhere just boring nothing to excite me its like ill leave this twitter for good sef una nor dey kuku patronize me again,negative,0.8291690255079021,True
person no fit drink for this kind setting small high and youre in the sea,negative,person no fit drink for this kind setting small high and youre in the sea,negative,0.6745108430188552,True
my people as u dey like dey buy market and dey tell people about us as well please na god i take beg una one love lagos nigeria,positive,my people as u dey like dey buy market and dey tell people about us as well please na god i take beg una one love lagos nigeria,positive,0.80838805382244,True
now i caught her with two different guys nacking her like ashewo and she be giving the other dude head babe wey i dey manage nack we broke up after she carry scan results come my house dey tell me say shes carrying my child abeg nah my pikin,negative,now i caught her with two different guys nacking her like ashewo and she be giving the other dude head babe wey i dey manage nack we broke up after she carry scan results come my house dey tell me say shes carrying my child abeg nah my pikin,negative,0.6034354097756485,True
mumsy ehn e go just make person vex how will you get to airport then remember you forgot your passport at home make i no too talk sha me sef go old,positive,mumsy ehn e go just make person vex how will you get to airport then remember you forgot your passport at home make i no too talk sha me sef go old,positive,0.5971167635704177,True
see dem awon werey omo ole god punish anybody wey faint for court para dey oooo,negative,see dem awon werey omo ole god punish anybody wey faint for court para dey oooo,negative,0.6462406463834006,True
guy if i sabi do this thing i no go dey waste my time dey do office work na to find better strip club dey display all the talent,positive,guy if i sabi do this thing i no go dey waste my time dey do office work na to find better strip club dey display all the talent,negative,0.5463660437710636,False
you guys are not normal at allif una wan chop the money make una chop idiotsfoh,negative,you guys are not normal at allif una wan chop the money make una chop idiotsfoh,negative,0.5646850159793546,True
english she isnt backbone yet she is on her way street use ya head nor be everything dem dey explain e get why porn nor dey get subtitle,negative,english she isnt backbone yet she is on her way street use ya head nor be everything dem dey explain e get why porn nor dey get subtitle,negative,0.6351553543142894,True
epele jor youll be fine im sure person like you wetin you want burn flesh no dey anywhere oh you want to turn to spaghetti,negative,epele jor youll be fine im sure person like you wetin you want burn flesh no dey anywhere oh you want to turn to spaghetti,negative,0.6042418537998859,True
open on the island na you really dont expect me to leave the whole of lekki to ikeja just for donuts i mean i can but my car too dey chop fuel please na you guys can even start selling from my house or give me id be your dealer on the island please na,negative,open on the island na you really dont expect me to leave the whole of lekki to ikeja just for donuts i mean i can but my car too dey chop fuel please na you guys can even start selling from my house or give me id be your dealer on the island please na,negative,0.6522035599537402,True
my people who wan chop im cooking sth get ur ticket now the food go sweet oo wen i cook am finish the nnewi hotel and event centre,positive,my people who wan chop im cooking sth get ur ticket now the food go sweet oo wen i cook am finish the nnewi hotel and event centre,positive,0.5432261960854017,True
wetin be dis againgidi because of naeto cna wa o,negative,wetin be dis againgidi because of naeto cna wa o,negative,0.9023396388198328,True
i am tarzan im an hypeman standard experience i dey down oo shows events concert my employer could be on ur timeline ooooo abeg and its summer now help me get jobs ️️ ️️️️️️️️️️️️,positive,i am tarzan im an hypeman standard experience i dey down oo shows events concert my employer could be on ur timeline ooooo abeg and its summer now help me get jobs ️️ ️️️️️️️️️️️️,positive,0.6757653894741343,True
abeg who get owambe wey person fit gate crash today na,positive,abeg who get owambe wey person fit gate crash today na,positive,0.46246918636529866,True
na love wey dem get for you sir,positive,na love wey dem get for you sir,positive,0.8306665607569825,True
no be boy dem just born wetin these rich kids dey chop,positive,no be boy dem just born wetin these rich kids dey chop,negative,0.44323347698854476,False
so i uploaded my roommates nysc pop picture and captioned it welcome to the class of hungry veteransna only skills go fit save you o i have not entered the room since morning the full compound don dey settle the matter since,negative,so i uploaded my roommates nysc pop picture and captioned it welcome to the class of hungry veteransna only skills go fit save you o i have not entered the room since morning the full compound don dey settle the matter since,negative,0.6788409041633894,True
im still your surest plug for beautiful interiors you see this decor na me do am from start to finish call dis softajebo hustler if you want to redo your apartment i will do a very clean job for u,positive,im still your surest plug for beautiful interiors you see this decor na me do am from start to finish call dis softajebo hustler if you want to redo your apartment i will do a very clean job for u,positive,0.6707024389208786,True
lmaoeven girl wey dey her period no dey run mouth like that guyi was disappointed coming from a grown man like that,negative,lmaoeven girl wey dey her period no dey run mouth like that guyi was disappointed coming from a grown man like that,negative,0.7409336343182544,True
we no fit dai,positive,we no fit dai,negative,0.510477120139261,False
i was jejely trying to start something with one and casually babe mentions her boyfriend see i don tire bross make this rubbish corona just stop make i go dey shoot my film i don tire,negative,i was jejely trying to start something with one and casually babe mentions her boyfriend see i don tire bross make this rubbish corona just stop make i go dey shoot my film i don tire,negative,0.8678285243306247,True
hmmn bros come visit me with that automobile for my area for one month the car go turn motoodey nor dey tell person say sun hot,negative,hmmn bros come visit me with that automobile for my area for one month the car go turn motoodey nor dey tell person say sun hot,negative,0.6334729556860207,True
because our politicians sef dey tiff,negative,because our politicians sef dey tiff,negative,0.587976990851089,True
nobody dey gree to dey toast me again baby see me i don dey believe o,negative,nobody dey gree to dey toast me again baby see me i don dey believe o,negative,0.5528250356825365,True
dem fit na sabi people,positive,dem fit na sabi people,positive,0.5717604927510491,True
wetin de ballet,neutral,wetin de ballet,neutral,0.7696797078983099,True
unplanned matching day e be like say my tailor don dey run my material for my patients too lagos island,positive,unplanned matching day e be like say my tailor don dey run my material for my patients too lagos island,positive,0.46099934677772536,True
u don finish work abeg let dem,positive,u don finish work abeg let dem,negative,0.5191518281994496,False
but e be like say i don dey fine oo all this gehz be cutting me eyes azzin im loving maself,positive,but e be like say i don dey fine oo all this gehz be cutting me eyes azzin im loving maself,positive,0.7361295903334975,True
eheeeen so this na man utd bank sef and i didnt know before now me im a proud city fan and i dont associate myself with anything man u same reason i stopped patronizing chivita time to change bank,negative,eheeeen so this na man utd bank sef and i didnt know before now me im a proud city fan and i dont associate myself with anything man u same reason i stopped patronizing chivita time to change bank,positive,0.5117201505663641,False
so when one says us are stressful na all the under e dey refer to nawa o,negative,so when one says us are stressful na all the under e dey refer to nawa o,negative,0.7764615131371992,True
im enjoying these heartbreak stories mehn e dey sweet like dodo ikire,positive,im enjoying these heartbreak stories mehn e dey sweet like dodo ikire,positive,0.648087424106409,True
see as una take fall my hands now now wey i think say una don get sense so all these quick response to tweet na just forming,negative,see as una take fall my hands now now wey i think say una don get sense so all these quick response to tweet na just forming,negative,0.4619323699582567,True
make him dey sanitas dey flex,positive,make him dey sanitas dey flex,positive,0.6547038224402355,True
na wah for una ooo so u cant read btw d lines dat is mercy people,negative,na wah for una ooo so u cant read btw d lines dat is mercy people,negative,0.7870925076279047,True
pablo makanaki dey pon de airwaves to make sure say everything stew this friday amam wat,positive,pablo makanaki dey pon de airwaves to make sure say everything stew this friday amam wat,positive,0.46269159211684224,True
na so e tk dey start o,negative,na so e tk dey start o,neutral,0.5632625461480905,False
i wan sell perfume na so i go tell this dude say he smell nice now hes becoming too friendly iz laik i don find trouble oo,negative,i wan sell perfume na so i go tell this dude say he smell nice now hes becoming too friendly iz laik i don find trouble oo,negative,0.5537381177998183,True
my guy will remain president till if my guy comot sef na my guy go still dey there buhahaha edrag by with twitter fingers,positive,my guy will remain president till if my guy comot sef na my guy go still dey there buhahaha edrag by with twitter fingers,positive,0.405162563921951,True
you dey fuck up na that time we begged you to follow us we even promised you one babe sef ‍️,negative,you dey fuck up na that time we begged you to follow us we even promised you one babe sef ️,positive,0.4710349448660347,False
i cross my boundary with an arsenal fan tonight till i was told we chelsea fans dont deserve happiness na me go find wahala dem still come beat me come back home,negative,i cross my boundary with an arsenal fan tonight till i was told we chelsea fans dont deserve happiness na me go find wahala dem still come beat me come back home,negative,0.7442041304509852,True
you sef check na,positive,you sef check na,positive,0.45950938888446985,True
the way you take dey talk next de sweet i hope one day e go reach my turn,positive,the way you take dey talk next de sweet i hope one day e go reach my turn,positive,0.7535366374851185,True
you know as e dey be na,neutral,you know as e dey be na,neutral,0.7244317940578002,True
you wan chop better onugbu soup with fufu and big meat ichida you wan chop catfish ichida you wan chop shawarma ichida come wetin awkaetiti come dey do na ‍️‍️,positive,you wan chop better onugbu soup with fufu and big meat ichida you wan chop catfish ichida you wan chop shawarma ichida come wetin awkaetiti come dey do na ️️,positive,0.37680208192412246,True
very stubborn af and you cant even beat them sef mummy will come to their rescue,negative,very stubborn af and you cant even beat them sef mummy will come to their rescue,negative,0.65663198424483,True
phone wey lost for police station dey ring for dpo pocket na ig all of us they wait for like this na wey we wan settle since morning,negative,phone wey lost for police station dey ring for dpo pocket na ig all of us they wait for like this na wey we wan settle since morning,negative,0.6900789340797974,True
day was going great first time i drove to the mainland and back without so much as a dent or scratch on my car enter studios open laptop and voila the screen don crack i need to start dey do fowl sacrifice everytime i venture to dis una crazeman roads walahii f$,negative,day was going great first time i drove to the mainland and back without so much as a dent or scratch on my car enter studios open laptop and voila the screen don crack i need to start dey do fowl sacrifice everytime i venture to dis una crazeman roads walahii f$,negative,0.5464536426274644,True
you wan hear wetin dey happen for room,neutral,you wan hear wetin dey happen for room,negative,0.43622674503151326,False
me wey dey edo state buh i dey enter lagos soon sha,positive,me wey dey edo state buh i dey enter lagos soon sha,neutral,0.4200237563085969,False
everywhere on my whatsapp its loom this loom that k to get k and all the likes nigerians no dey learn lesson until e go do dem like feem,negative,everywhere on my whatsapp its loom this loom that k to get k and all the likes nigerians no dey learn lesson until e go do dem like feem,negative,0.6066180947198995,True
dis goes show d level of maturity n intelligent of feminine folks i respect una seriously d wife in question knows her husband n she is happy with d beautiful things in life dat comes with it which i respect her for it take a look at baba wife nah see glowing now gives a,negative,dis goes show d level of maturity n intelligent of feminine folks i respect una seriously d wife in question knows her husband n she is happy with d beautiful things in life dat comes with it which i respect her for it take a look at baba wife nah see glowing now gives a,positive,0.6202047346098861,False
ermm the way awon olokpa de use agidi jump enter motor front ehn no wahala for that wan o but wetin me no understand na the way them still go carry the same agidi no pay conductor money ‍️ thats a negatively correlated shii,negative,ermm the way awon olokpa de use agidi jump enter motor front ehn no wahala for that wan o but wetin me no understand na the way them still go carry the same agidi no pay conductor money ️ thats a negatively correlated shii,negative,0.8744503657725776,True
e don tey wen i see your post correct guy,positive,e don tey wen i see your post correct guy,positive,0.7215876372356645,True
if i no post review wetin i gain buy nirvana u no hear now my baby girlextraordinary presenterblaque beauty joyceiyakwari is giving it to them left and right in her double drawn fringe wig,positive,if i no post review wetin i gain buy nirvana u no hear now my baby girlextraordinary presenterblaque beauty joyceiyakwari is giving it to them left and right in her double drawn fringe wig,negative,0.4375696044473157,False
leav dem make dem just open mouth cos they sabi talk,negative,leav dem make dem just open mouth cos they sabi talk,negative,0.5330182094738648,True
wahala for who no dey read before e like oo,negative,wahala for who no dey read before e like oo,negative,0.668836186448719,True
so for the full nigeria them nor see better camera take snap this thing this ahmed musa una sure say e dey alright so i stil dont understand this decision to join kanu pillars,negative,so for the full nigeria them nor see better camera take snap this thing this ahmed musa una sure say e dey alright so i stil dont understand this decision to join kanu pillars,negative,0.6464634619947959,True
e dun tay wey i see alert boya if to say i get uncle number na i for just casually tell am you no go fit help me call am i can do with that alert therapy oloun,positive,e dun tay wey i see alert boya if to say i get uncle number na i for just casually tell am you no go fit help me call am i can do with that alert therapy oloun,positive,0.5818664339260861,True
good evening everyborry lasisi is hia again soum just happin rhy na soum pipo on twitter would just be posting delicious food and me im here am very very hungry im hungry ooo,negative,good evening everyborry lasisi is hia again soum just happin rhy na soum pipo on twitter would just be posting delicious food and me im here am very very hungry im hungry ooo,positive,0.5764420272633066,False
my pinned tweet ehn chaii e de burst my brains fam love is good o,positive,my pinned tweet ehn chaii e de burst my brains fam love is good o,positive,0.9375037566818722,True
my friend just said if corona virus wan catch me make he catch me now wey ventilator still dey available before the disease spread and ventilator no go dey again,negative,my friend just said if corona virus wan catch me make he catch me now wey ventilator still dey available before the disease spread and ventilator no go dey again,negative,0.7473283753469071,True
in essence youre a selective person and disinclined to talk when you dont feel like but still as usual na dem dey rush hajiya,positive,in essence youre a selective person and disinclined to talk when you dont feel like but still as usual na dem dey rush hajiya,negative,0.5352283533992692,False
cuppy abeg neck dey pain us neck dey pain us make we see chance breathe,negative,cuppy abeg neck dey pain us neck dey pain us make we see chance breathe,negative,0.6993363551243733,True
wetin happen nàaa,negative,wetin happen nàaa,neutral,0.7121498302571196,False
afa stream two na my papa don tire to see me inside house o,negative,afa stream two na my papa don tire to see me inside house o,negative,0.8347706272748302,True
lol ah who dey reject you dem dey craze,negative,lol ah who dey reject you dem dey craze,negative,0.688255733012014,True
buhari don park his family and property for inside motor dey run ooo he don dey comot for asorock una dey see am,negative,buhari don park his family and property for inside motor dey run ooo he don dey comot for asorock una dey see am,neutral,0.5618263690581021,False
dis was d day i broke d vow of not voting in ultimateloveng after seeing how cute they both look in dis outfit i ddnt kw wen i picked up my fone and gave them sms vote dis was hands down their best outfit,positive,dis was d day i broke d vow of not voting in ultimateloveng after seeing how cute they both look in dis outfit i ddnt kw wen i picked up my fone and gave them sms vote dis was hands down their best outfit,negative,0.5845662505717274,False
all my babes no wan link up again shey na bcos of corona or dem no dey reason me again,negative,all my babes no wan link up again shey na bcos of corona or dem no dey reason me again,negative,0.8111919664147577,True
its how people stay comfortable walking around petrol tanker making videos dey off me same road sometimes last year petrol tanker come spoil for road oil dey spill traffic dey omo i had to come down collect better run for my life,positive,its how people stay comfortable walking around petrol tanker making videos dey off me same road sometimes last year petrol tanker come spoil for road oil dey spill traffic dey omo i had to come down collect better run for my life,negative,0.8073937029187681,False
barca yea sorry i dey vex for setien ni he cost them that game wish foolish tactics if he had set up the team properly they would ve offered more at least if they ll lose it wpnt be disgraceful like this the players didnt help themselves too thoall of them dey mad,neutral,barca yea sorry i dey vex for setien ni he cost them that game wish foolish tactics if he had set up the team properly they would ve offered more at least if they ll lose it wpnt be disgraceful like this the players didnt help themselves too thoall of them dey mad,negative,0.8978100119737233,False
wetin carry me enter buycoins ooooo i don enter chance money don hook over hours now e ba mi gbowo mi,negative,wetin carry me enter buycoins ooooo i don enter chance money don hook over hours now e ba mi gbowo mi,positive,0.6727916369092918,False
you know say i don dey beg you since to come you dey use me catch trips,negative,you know say i don dey beg you since to come you dey use me catch trips,negative,0.5221416422072309,True
please oh i wan ask this question can ugandans even read atol because all this scattering una dey scatter them isso unbearable‍️ asin eh they arent even saying anything abin them blind as well because there dumpness is certain already chai,negative,please oh i wan ask this question can ugandans even read atol because all this scattering una dey scatter them isso unbearable️ asin eh they arent even saying anything abin them blind as well because there dumpness is certain already chai,negative,0.8184708545606575,True
why she go know her self worth o wrong na,negative,why she go know her self worth o wrong na,negative,0.5085831136421803,True
you thought you were sleek dey follow den wen dem follow u back u go come unfollow,negative,you thought you were sleek dey follow den wen dem follow u back u go come unfollow,negative,0.5819696337782013,True
ebuka swagged in a benin attire nothing wey nor dey fit am,positive,ebuka swagged in a benin attire nothing wey nor dey fit am,positive,0.4314694753495166,True
zaddy abeg make me happy have been burning fuel for like a month straight no power supply transformer don jappai don dey red o,negative,zaddy abeg make me happy have been burning fuel for like a month straight no power supply transformer don jappai don dey red o,negative,0.5634371365666003,True
i neva see ugly gurls wey dey support na giraan dey chealshit,negative,i neva see ugly gurls wey dey support na giraan dey chealshit,neutral,0.5188214837724071,False
na because him mouth dey move na why e dey talk na,negative,na because him mouth dey move na why e dey talk na,negative,0.7032443084612383,True
wey don sleep,neutral,wey don sleep,neutral,0.4097178008054478,True
i bin wan ask too but i no want chop block,neutral,i bin wan ask too but i no want chop block,negative,0.6340339456541199,False
you de tell me make i buy land for country wey i no even wan de,negative,you de tell me make i buy land for country wey i no even wan de,negative,0.7694538465664517,True
finally all of us don dey mad,positive,finally all of us don dey mad,negative,0.500133316036586,False
we dey here ooooplease na god i use beg una dont like or retweet ooo,negative,we dey here ooooplease na god i use beg una dont like or retweet ooo,positive,0.5062124008547838,False
wetin i wan take beg you to followback na gtgtbeg me,positive,wetin i wan take beg you to followback na gtgtbeg me,negative,0.5041139389313596,False
which kain boss how i go see k chop today like this shey space still dey for your site,neutral,which kain boss how i go see k chop today like this shey space still dey for your site,positive,0.5214654290325706,False
guys today a girl fine girl wey fine reach meal on a hungry eve gave me her iphone pro to help her hold it till she finish drinking water i wanted to run but na for motor park we de i no i go chop beating sotey i go wish i die,negative,guys today a girl fine girl wey fine reach meal on a hungry eve gave me her iphone pro to help her hold it till she finish drinking water i wanted to run but na for motor park we de i no i go chop beating sotey i go wish i die,negative,0.4845765819168107,True
na de gea saved u dat day bro,positive,na de gea saved u dat day bro,positive,0.4041381139610113,True
you waited for a day before making this statement this thing nr dey pain you as e dey pain us see if you want to avenge them you guys should address the reason for their deaths otherwise this country nr go contain all of us o,negative,you waited for a day before making this statement this thing nr dey pain you as e dey pain us see if you want to avenge them you guys should address the reason for their deaths otherwise this country nr go contain all of us o,negative,0.8378396384904088,True
them don born me tey tey before warri crisis,positive,them don born me tey tey before warri crisis,neutral,0.7918983152288313,False
i am really sorry i know i am a disappointment i know all the health benefits that u av alws bn preaching even me im not proud of this but tonight na me and dis ebaa oo,negative,i am really sorry i know i am a disappointment i know all the health benefits that u av alws bn preaching even me im not proud of this but tonight na me and dis ebaa oo,positive,0.539610417425216,False
as in ehhi na e propose mens anoro somewhere na e dispose it is well,negative,as in ehhi na e propose mens anoro somewhere na e dispose it is well,negative,0.5335106306757034,True
is like want depression to catch me before he see me vbank i get vtarget i get betway sef i dey inside even video sef i do bikooooooo naaaaa,neutral,is like want depression to catch me before he see me vbank i get vtarget i get betway sef i dey inside even video sef i do bikooooooo naaaaa,negative,0.4950625132296918,False
ag no sabi dance sha dey do like earthworm dey pour salt,negative,ag no sabi dance sha dey do like earthworm dey pour salt,positive,0.48569429470630926,False
the rich mans joke is always funny if a celebrity tweets only an alphabet una go still like and retweet am your guy don tweet times today you never like but help me tell your guy e don do only him tweets today,negative,the rich mans joke is always funny if a celebrity tweets only an alphabet una go still like and retweet am your guy don tweet times today you never like but help me tell your guy e don do only him tweets today,positive,0.6126010363055481,False
na that one be my concern na why e dey pain,negative,na that one be my concern na why e dey pain,negative,0.7301069443984922,True
baba me believe you gan na na our guy zubi thank god he comot for limit,positive,baba me believe you gan na na our guy zubi thank god he comot for limit,positive,0.7226282720689866,True
the guy na confirm pdp crook i think e clear for buharists eyes na that the endsars protest was a guise it was pdp brain child their undoing is they played their cards so early,negative,the guy na confirm pdp crook i think e clear for buharists eyes na that the endsars protest was a guise it was pdp brain child their undoing is they played their cards so early,negative,0.7593664190298012,True
butdis vmoses sefim own don deymuchwhy e be say everytime naim dey come lastcampaligoodimma,negative,butdis vmoses sefim own don deymuchwhy e be say everytime naim dey come lastcampaligoodimma,negative,0.6066160080226963,True
okay marry otis,positive,okay marry otis,positive,0.5869103956407006,True
someone has been coughing here since two weeks oooo i don dey fear,negative,someone has been coughing here since two weeks oooo i don dey fear,negative,0.5833358813932351,True
person wey dey mad,negative,person wey dey mad,negative,0.6915631864675174,True
shori e gbálè ni ah wan tell security make dey pursue am just changed my mind not his fault i genuinely look like i follow my daddy to office,negative,shori e gbálè ni ah wan tell security make dey pursue am just changed my mind not his fault i genuinely look like i follow my daddy to office,negative,0.5854979261876752,True
time tiri gbosa for the person wey born you i never want to try lose you try dem no born me well i no fit tire for your matter lai lai say i no do suddenly man calm down man down for only you,positive,time tiri gbosa for the person wey born you i never want to try lose you try dem no born me well i no fit tire for your matter lai lai say i no do suddenly man calm down man down for only you,negative,0.7995340003238707,False
if chance dey u for join dem don jazzy dr sid and face list tiwa is really pretty tho,positive,if chance dey u for join dem don jazzy dr sid and face list tiwa is really pretty tho,positive,0.3511445274674773,True
na your children go help you spend money but i fit kill am oo probably if i don reach,negative,na your children go help you spend money but i fit kill am oo probably if i don reach,positive,0.5693630215558607,False
see as una dey edit draft up and down hellas veronica do una strong thing sha,negative,see as una dey edit draft up and down hellas veronica do una strong thing sha,negative,0.7137862099391745,True
lol them dey do for my side oo be like say person don chop my own,negative,lol them dey do for my side oo be like say person don chop my own,negative,0.6933603356148065,True
person wey warakpa dey worry,negative,person wey warakpa dey worry,negative,0.7215016835531253,True
i beg oooo no lady should disturb me before during valentine ooooo because when i dey reason you you dey form like sey na you dey cook for joe biden,negative,i beg oooo no lady should disturb me before during valentine ooooo because when i dey reason you you dey form like sey na you dey cook for joe biden,negative,0.5732278917546684,True
your weed is getting too much my baddest producer your face don dey change patapata,negative,your weed is getting too much my baddest producer your face don dey change patapata,positive,0.7012751288851402,False
u get time to dey reply the daft girl like say na dem board bus go saudi arabia mscheww if she blow for saudi now them go dey remind us from there how naija na bad country,negative,u get time to dey reply the daft girl like say na dem board bus go saudi arabia mscheww if she blow for saudi now them go dey remind us from there how naija na bad country,negative,0.7641718155483599,True
she ws floggin me dat very day d beatin ws so much dat i try fight back nd dis man came rm nowhere omg i almost die dat daydat my head wey no correct full of koko nd my mom was there watching dat ws d last day she floggin me always sha obt i see hell return dat day,negative,she ws floggin me dat very day d beatin ws so much dat i try fight back nd dis man came rm nowhere omg i almost die dat daydat my head wey no correct full of koko nd my mom was there watching dat ws d last day she floggin me always sha obt i see hell return dat day,negative,0.6458144539229083,True
bro dont do this to us,negative,bro dont do this to us,negative,0.5517112277550694,True
i dey vex o me wey need the most them say i dey rich,negative,i dey vex o me wey need the most them say i dey rich,neutral,0.498552494048651,False
happy birthday mr e l e v a t e d such an amazing fun loving and outstanding,positive,happy birthday mr e l e v a t e d such an amazing fun loving and outstanding,positive,0.8733384236267545,True
when my pple decided to create with this shot i was forming abeg wetin una wan do they did it anyways and i love it how do you like your we got you covered service,positive,when my pple decided to create with this shot i was forming abeg wetin una wan do they did it anyways and i love it how do you like your we got you covered service,negative,0.5196657324014068,False
no b una fault oo na rihanna no wan release musiceyin omo leyin iya beji no get respect rara,positive,no b una fault oo na rihanna no wan release musiceyin omo leyin iya beji no get respect rara,negative,0.8479223115024045,False
haha dem wan chop oyibo,negative,haha dem wan chop oyibo,negative,0.5428179999104373,True
na the one wey dey do me be this,positive,na the one wey dey do me be this,positive,0.3798239474113769,True
food wey him don cook i don chop finish,positive,food wey him don cook i don chop finish,negative,0.5089090388766423,False
i don put the world for shoulder since those wain carry for head na them sabi,negative,i don put the world for shoulder since those wain carry for head na them sabi,negative,0.5835921756194962,True
rubbish everywhere and we don dey used to am,negative,rubbish everywhere and we don dey used to am,neutral,0.4578529513906548,False
st match guy this pad no good ok we go exchange for d second game nd match guy na bcos u dey use world xi ok i go use ajax next rd match guy its bcos i havent eaten make we pause go chop now th match guyguy i dey go house,negative,st match guy this pad no good ok we go exchange for d second game nd match guy na bcos u dey use world xi ok i go use ajax next rd match guy its bcos i havent eaten make we pause go chop now th match guyguy i dey go house,negative,0.5555711110371825,True
oluwa wetin dey occur gan gan na your boy don reach to enjoy government money too na,positive,oluwa wetin dey occur gan gan na your boy don reach to enjoy government money too na,neutral,0.38974686132646025,False
adaobi wetin you give me chop na,positive,adaobi wetin you give me chop na,positive,0.4236115541625473,True
i dey tell you thats how we are one family,positive,i dey tell you thats how we are one family,positive,0.5709574516140633,True
omorrr dis heritage bank adverttoo get sense ooo,positive,omorrr dis heritage bank adverttoo get sense ooo,positive,0.6706679519067008,True
na true you talk baba but the thing be say if you stay indoor hunger go kill person u go outside corona go kill person either way na die na god go help person for this great dilemmacoz as take dey real na so dey real me self dey feel am now,negative,na true you talk baba but the thing be say if you stay indoor hunger go kill person u go outside corona go kill person either way na die na god go help person for this great dilemmacoz as take dey real na so dey real me self dey feel am now,negative,0.7213561881262746,True
today fasting no easy o e be like sey na in we dey do today,negative,today fasting no easy o e be like sey na in we dey do today,positive,0.44358059377020886,False
you don wanna know after my laundry guy brought my clothes yesterday madam para dey vex say i dey live like king for here say ion dey wash guess who washed her clothes today,negative,you don wanna know after my laundry guy brought my clothes yesterday madam para dey vex say i dey live like king for here say ion dey wash guess who washed her clothes today,negative,0.6374073347981348,True
i dey ooe don tey,positive,i dey ooe don tey,neutral,0.5684659188016821,False
you when be like who dem select comot for beans abeg fly,negative,you when be like who dem select comot for beans abeg fly,negative,0.5321962952844494,True
i hear my baby say i wanna be president i wan chop money from my government what he dont know what he wont know what he can knw,negative,i hear my baby say i wanna be president i wan chop money from my government what he dont know what he wont know what he can knw,positive,0.5849190698163873,False
even off campus dem dey wreck,negative,even off campus dem dey wreck,negative,0.7254879354413191,True
if dey see all the appreciation tweet wey dem tag am dey repost them naim be say he dey my own sef but as na money i dey beg im dey ignore me chai don baba j,positive,if dey see all the appreciation tweet wey dem tag am dey repost them naim be say he dey my own sef but as na money i dey beg im dey ignore me chai don baba j,positive,0.46316920748775725,True
una dey busy this period naona una season be thisi wan come be apprentice oo,positive,una dey busy this period naona una season be thisi wan come be apprentice oo,negative,0.766308663484177,False
na you dey cheat na me dey beg make una check am o nwanne see as dey rush ‍️ one maltina per person at icons concert‍️‍️ success come be your hobby hobby o oya wait haters fvck you hold me before i killy person o arrest me yeah,negative,na you dey cheat na me dey beg make una check am o nwanne see as dey rush ️ one maltina per person at icons concert️️ success come be your hobby hobby o oya wait haters fvck you hold me before i killy person o arrest me yeah,positive,0.7048946821046413,False
e good ai,positive,e good ai,positive,0.79539187668665,True
lol okay see as dem dey destroy una for twitter,negative,lol okay see as dem dey destroy una for twitter,negative,0.5782496055967314,True
chaidose skool gals wey bokoharam kidnap go don get bele finish ofed govt but y na,negative,chaidose skool gals wey bokoharam kidnap go don get bele finish ofed govt but y na,negative,0.622755749694088,True
wetin dem dey offer cos arik na water,positive,wetin dem dey offer cos arik na water,neutral,0.7418131035748928,False
you sef send me k if e easy,negative,you sef send me k if e easy,positive,0.5696442091680941,False
mum was talking to someone about my business and she was hyping it so much that even me sef i come dey wonder whether na this same business i dey do so happy mothers day,negative,mum was talking to someone about my business and she was hyping it so much that even me sef i come dey wonder whether na this same business i dey do so happy mothers day,negative,0.7816954430587099,True
i used super apetisleep no gree catch me insomnia don see me finishi don die,negative,i used super apetisleep no gree catch me insomnia don see me finishi don die,negative,0.7239000922584988,True
e be like u sef dey mad,negative,e be like u sef dey mad,negative,0.4327837471696619,True
gets paid £ naira a week bros abeg sir no cut soap for me na that k£wen dey on top make i dey collect every month,negative,gets paid £ naira a week bros abeg sir no cut soap for me na that k£wen dey on top make i dey collect every month,negative,0.4640204551678399,True
mongunu meat na hin i take from that pot fayemi is that why mama dey halla like say u chop abbatoir boss sigh mama can be so dramatic dalong choi what will i do now me dat chop,negative,mongunu meat na hin i take from that pot fayemi is that why mama dey halla like say u chop abbatoir boss sigh mama can be so dramatic dalong choi what will i do now me dat chop,negative,0.7645630957065184,True
i know as e de go bro,positive,i know as e de go bro,positive,0.6427193878317051,True
so if that one talk to me anyhowyou sef want get mouthif i slap una,negative,so if that one talk to me anyhowyou sef want get mouthif i slap una,negative,0.4463273983527828,True
all this laye muntari united fc pepo una jus deh wine una sef see all dis eye make i hear,negative,all this laye muntari united fc pepo una jus deh wine una sef see all dis eye make i hear,negative,0.4800352836562977,True
waitking and halita got married or una dey make things up,negative,waitking and halita got married or una dey make things up,negative,0.5691474689328517,True
why una dey take this thing seriously i was only joking na,positive,why una dey take this thing seriously i was only joking na,negative,0.7856044352095346,False
saudi arabia is in trouble nigbayen shia ti take over this power politics in the middle east is sweet but the way it has displaced and killed many is sad now europeamerica no won open border for refugees yet na dem dey supply saudi iran weapons crazy word mehn,negative,saudi arabia is in trouble nigbayen shia ti take over this power politics in the middle east is sweet but the way it has displaced and killed many is sad now europeamerica no won open border for refugees yet na dem dey supply saudi iran weapons crazy word mehn,negative,0.7127372975748603,True
once stepped out to buy stuff the girl say around yrs i met there sitting with her mum i addressed her as lady mama change am for me oh shes not a lady na so una dey take spoil peoples daughters shes not a lady na girl biko ha,negative,once stepped out to buy stuff the girl say around yrs i met there sitting with her mum i addressed her as lady mama change am for me oh shes not a lady na so una dey take spoil peoples daughters shes not a lady na girl biko ha,negative,0.5958665730154294,True
wait oo make e no be say this gl dey one corner dey carry us catch better cruise with him bf oo,negative,wait oo make e no be say this gl dey one corner dey carry us catch better cruise with him bf oo,positive,0.6316908780069171,False
since you na no wan buy car again i don dey sell trucks now come let me take your orders,positive,since you na no wan buy car again i don dey sell trucks now come let me take your orders,negative,0.4678655992770625,False
the energy wey i put for love if i use am learn mechanic i for don sabi repair train,negative,the energy wey i put for love if i use am learn mechanic i for don sabi repair train,positive,0.44803824944258125,False
na so one bros run go e papa house yesterday afternoon for my area dey shout upandan say area poison e smoke,negative,na so one bros run go e papa house yesterday afternoon for my area dey shout upandan say area poison e smoke,negative,0.7572678223306255,True
another warehouse ‍️ na military man dem go hire make dem secure there who dem born make e reach the vicinity wicked government,negative,another warehouse ️ na military man dem go hire make dem secure there who dem born make e reach the vicinity wicked government,negative,0.5429116189381602,True
shey the moni wey nnpc give dem never do abi as if say na me get d virus,negative,shey the moni wey nnpc give dem never do abi as if say na me get d virus,negative,0.3999378079799669,True
forget fine boy in a suit and tie shit don catch you for inside traffic before and the thing be like say e go dey watery,negative,forget fine boy in a suit and tie shit don catch you for inside traffic before and the thing be like say e go dey watery,negative,0.6306526269944797,True
abeg make una help me run this thing i have a cater on standby to cook some banging party rice na money we need epp us,negative,abeg make una help me run this thing i have a cater on standby to cook some banging party rice na money we need epp us,positive,0.7903406183556687,False
nah dis kind smallsmall bad dem for dey see you,negative,nah dis kind smallsmall bad dem for dey see you,negative,0.6570335784667755,True
tea is better all the arab princes i want to be in their network na tra dem dey drink right edmund no shayo abi,positive,tea is better all the arab princes i want to be in their network na tra dem dey drink right edmund no shayo abi,negative,0.6259197167456988,False
e dey pain me my hard earned gone like dat,negative,e dey pain me my hard earned gone like dat,negative,0.8079106799388721,True
its only shout out we would be receiving every time abeg jor dey go,negative,its only shout out we would be receiving every time abeg jor dey go,negative,0.4707700080487772,True
god im done imagining how money would fit me just bless me with this moneyi already know it would fit me o god,negative,god im done imagining how money would fit me just bless me with this moneyi already know it would fit me o god,positive,0.9259533735804025,False
man u sef dey enjoy the match,positive,man u sef dey enjoy the match,positive,0.6332724974400343,True
the issue is that when youre in love these quotes are always missing na when ur eye don clear u dey see them,negative,the issue is that when youre in love these quotes are always missing na when ur eye don clear u dey see them,negative,0.4838523738896052,True
na so i careless but everybody and everything says im very careful see this your thing na scam jare,negative,na so i careless but everybody and everything says im very careful see this your thing na scam jare,negative,0.7016169626102465,True
e go cost you ₦ to appreciate bruno fernandes e don make big impact at manchester united ️,positive,e go cost you ₦ to appreciate bruno fernandes e don make big impact at manchester united ️,positive,0.6399296962955362,True
oyin me im even scared of the word love in the first place im beginning to think im not normal again o small show of attentionconstant talking like this i don jaaapa infact ill be the one saying please lets stop talking o sumi jare,negative,oyin me im even scared of the word love in the first place im beginning to think im not normal again o small show of attentionconstant talking like this i don jaaapa infact ill be the one saying please lets stop talking o sumi jare,negative,0.7059040266851444,True
lmaoi no know say no be by to first come school say you dey carry your seat comena so i siddon for person seat for the front seat,positive,lmaoi no know say no be by to first come school say you dey carry your seat comena so i siddon for person seat for the front seat,negative,0.7987365396843427,False
walahi harmattan is here my lips don de gimme evidence,negative,walahi harmattan is here my lips don de gimme evidence,positive,0.4513349459991774,False
beht beht e be like say na when i fat i dey fine,positive,beht beht e be like say na when i fat i dey fine,positive,0.5928518859088517,True
ordinary court wey go times after he lostna im and dey attack and arrest attackers like say advertisements na against make no host world cup,negative,ordinary court wey go times after he lostna im and dey attack and arrest attackers like say advertisements na against make no host world cup,negative,0.6807816582960413,True
mosquitoes on silent they will be flying around your head and you wont even know so much for just bite and go na that their noise dey pain me i no fit use am as excuse again mosquito don dey put themselves on silent if them wan enter flight mode oohh,negative,mosquitoes on silent they will be flying around your head and you wont even know so much for just bite and go na that their noise dey pain me i no fit use am as excuse again mosquito don dey put themselves on silent if them wan enter flight mode oohh,negative,0.8510438299171569,True
ssgtruellyi concur absolutely wth lgladysabeg hlp me take bottle chilld star take beg joejoearmanimake e no near mozambque,positive,ssgtruellyi concur absolutely wth lgladysabeg hlp me take bottle chilld star take beg joejoearmanimake e no near mozambque,negative,0.5725108747286621,False
haha na god my guy make we never too loud am pay day dey come and those things we see today na chaiss na me tell you,positive,haha na god my guy make we never too loud am pay day dey come and those things we see today na chaiss na me tell you,positive,0.6624952064200577,True
kai this gala matter pain me pass the dstv thing sef so this guy just use style call lagosians in traffic pigs,negative,kai this gala matter pain me pass the dstv thing sef so this guy just use style call lagosians in traffic pigs,negative,0.8623269343023917,True
i don comot hand for anything wey concern love like this the last person wey i treat like egg them don boil am chop am for my back,negative,i don comot hand for anything wey concern love like this the last person wey i treat like egg them don boil am chop am for my back,negative,0.6383909003212668,True
young man calm down na the funny thing is most of their customers are not even on twitter let alone seeing this april fool im very sure you sef no dey use itel,negative,young man calm down na the funny thing is most of their customers are not even on twitter let alone seeing this april fool im very sure you sef no dey use itel,negative,0.7591946774243407,True
if i were married nites like this would be a struggle loool even her plantain sef i wont eat,negative,if i were married nites like this would be a struggle loool even her plantain sef i wont eat,negative,0.7402367499451669,True
i hope can still remember all his tracks he don sing too much song abeg that man na legend aswr,negative,i hope can still remember all his tracks he don sing too much song abeg that man na legend aswr,positive,0.8689842577534754,False
akporsa beg tlk trueif wnjaarku na ur brodau go stll allw amdey speak engradiobc we im brodas wen write petitionbrila,negative,akporsa beg tlk trueif wnjaarku na ur brodau go stll allw amdey speak engradiobc we im brodas wen write petitionbrila,positive,0.799959961943587,False
this guy dey whine me sha why you tag me first you dey whine me say i sabi whine which kiin whine be this,negative,this guy dey whine me sha why you tag me first you dey whine me say i sabi whine which kiin whine be this,negative,0.5397820720124665,True
wetin be my offence,negative,wetin be my offence,neutral,0.5892200558584983,False
if na for money g et am plenty sending my fbn account whenever you see am another reason i go dey feel am and i go dey twale when he show for tv mavin,positive,if na for money g et am plenty sending my fbn account whenever you see am another reason i go dey feel am and i go dey twale when he show for tv mavin,positive,0.56010473614929,True
bros he stole my glasses oo i give am motor make e sell e loot everything inside including this glasses,negative,bros he stole my glasses oo i give am motor make e sell e loot everything inside including this glasses,negative,0.4791377843839766,True
olboy speak for yourself are you me are me you is me you is you me is you even of us is us part of you stay your lane o no spoil business for dentist wey wan press bress to treat him customer o shey won bi sobi meja ni koribuku e si canal jare,negative,olboy speak for yourself are you me are me you is me you is you me is you even of us is us part of you stay your lane o no spoil business for dentist wey wan press bress to treat him customer o shey won bi sobi meja ni koribuku e si canal jare,negative,0.7350045991792888,True
see as pepper fine guys nah dis kain pepper school for obodo abroad you wan know how your pepper and agric products fit get abroad tushness despite being local check,positive,see as pepper fine guys nah dis kain pepper school for obodo abroad you wan know how your pepper and agric products fit get abroad tushness despite being local check,positive,0.7360772264310083,True
i dey see them on a steady a certain time one even use shoulder jam me and apologized if dem stop me i dey stop give dem phone to check e be like say dem dey use jazz no say i no get bar,negative,i dey see them on a steady a certain time one even use shoulder jam me and apologized if dem stop me i dey stop give dem phone to check e be like say dem dey use jazz no say i no get bar,negative,0.8977123792697174,True
and even if na for my account dem dey charge all my family members alert charge e no still suppose reach like dis now just from january february thats wrong now,negative,and even if na for my account dem dey charge all my family members alert charge e no still suppose reach like dis now just from january february thats wrong now,negative,0.7168353714654826,True
but na true na nobody don invite me for turn up,negative,but na true na nobody don invite me for turn up,negative,0.5026045580198002,True
lol oh so no be say na the food actually no make sense na because of the people wey dey eat am i get but akpu na bottom tier good or bad all dey smell,negative,lol oh so no be say na the food actually no make sense na because of the people wey dey eat am i get but akpu na bottom tier good or bad all dey smell,negative,0.6813024820252652,True
na malt dem buy for me wey i dey smile like that so imagine if you squeeze the least k put for my hand,positive,na malt dem buy for me wey i dey smile like that so imagine if you squeeze the least k put for my hand,negative,0.5789808733281142,False
una don dey claim class on top app of mb say na they dont have access to it poverty don finish this country walai,negative,una don dey claim class on top app of mb say na they dont have access to it poverty don finish this country walai,negative,0.848809259044744,True
as in that working part dey always mk them think na everyday e dey rain plis i appreciate free money edakun i never chop some will even come to borrow money,negative,as in that working part dey always mk them think na everyday e dey rain plis i appreciate free money edakun i never chop some will even come to borrow money,negative,0.6742239163555757,True
i called to prescribe a drug for my ailment this morning his response was where you dey so that i go know if the drug go fit dey your location i laughed in drug abuse and replied him kano city ps im now on drugs thanks to as usual,positive,i called to prescribe a drug for my ailment this morning his response was where you dey so that i go know if the drug go fit dey your location i laughed in drug abuse and replied him kano city ps im now on drugs thanks to as usual,negative,0.4734195740740193,False
e be like say na only me remain for this country oo‍️‍️ every body dey use welcome to a new week dispensation hei im happy for you all,positive,e be like say na only me remain for this country oo️️ every body dey use welcome to a new week dispensation hei im happy for you all,negative,0.6472762980547645,False
this boy is still protesting that i called his men rogues ikorodu no be good place apayan ni won if you love your life avoid that place na hell my girl head don stiff arm don swell up ika ni yin ni ikorodu oooo awon apayan greedy wicked armed robbers,negative,this boy is still protesting that i called his men rogues ikorodu no be good place apayan ni won if you love your life avoid that place na hell my girl head don stiff arm don swell up ika ni yin ni ikorodu oooo awon apayan greedy wicked armed robbers,negative,0.6584376019163511,True
theyre confident if they want to toast a lady theyll be like baby wetin be your name come i go give u anything u want in fact how much u go fit chop,positive,theyre confident if they want to toast a lady theyll be like baby wetin be your name come i go give u anything u want in fact how much u go fit chop,negative,0.4917069584584758,False
yall please follow me i don tey for this bird app pass to dey get followers,positive,yall please follow me i don tey for this bird app pass to dey get followers,positive,0.5450894607930882,True
i wan sleep abeg,neutral,i wan sleep abeg,negative,0.3720474950682399,False
e dey pain dem die,negative,e dey pain dem die,negative,0.8031425413102239,True
una governor said him don do roads finish wan enter airport gon buy jet,neutral,una governor said him don do roads finish wan enter airport gon buy jet,negative,0.5919398802748179,False
abi now i no dey put big money for game sef to save tears if e cut,neutral,abi now i no dey put big money for game sef to save tears if e cut,negative,0.7878312712240629,False
na men without hands una be dey marry before,negative,na men without hands una be dey marry before,neutral,0.3954420863387746,False
na so just dey top up jameson this very deyi just dey back with and dey observe unclemark for the culture jameson ambassador,positive,na so just dey top up jameson this very deyi just dey back with and dey observe unclemark for the culture jameson ambassador,negative,0.45306701846402864,False
recently i have seen usuk citizen type wrong english and i dey here dey think how i wan take pass ielts wahala for wey no get better government o,negative,recently i have seen usuk citizen type wrong english and i dey here dey think how i wan take pass ielts wahala for wey no get better government o,negative,0.7592743913960968,True
they may play it right at the back of your house even the league whey dem dey play with book haram dem never win,negative,they may play it right at the back of your house even the league whey dem dey play with book haram dem never win,negative,0.5734253229975718,True
abeg fall o pere na cruise ship,positive,abeg fall o pere na cruise ship,positive,0.6339564155267635,True
i don follow them since but e be like say i no dey get luck for this giveaway stuff,negative,i don follow them since but e be like say i no dey get luck for this giveaway stuff,negative,0.6425205140498506,True
lol i don tayashe no dey restonly wen she sleep,negative,lol i don tayashe no dey restonly wen she sleep,negative,0.6687214636364499,True
na laycon dey enjoy for this party pass the privileges he has eeh the guy dey tap fire,positive,na laycon dey enjoy for this party pass the privileges he has eeh the guy dey tap fire,positive,0.7048907956549831,True
na who chop the spag after una do the artwork finish song is too bop,positive,na who chop the spag after una do the artwork finish song is too bop,negative,0.4954675438550992,False
you dey mind the guy people just tweet without thinking through what they tweet make e go carry ak na im we go take do example,negative,you dey mind the guy people just tweet without thinking through what they tweet make e go carry ak na im we go take do example,positive,0.47064787504582145,False
omo dis fidio go pinis my data oo iyanmii see pesin pikin,positive,omo dis fidio go pinis my data oo iyanmii see pesin pikin,negative,0.47023253112400765,False
nobody likes jungle justice online but na you slap that boy wey thief for market that day abi na until dem light am fire e turn jungle justice,negative,nobody likes jungle justice online but na you slap that boy wey thief for market that day abi na until dem light am fire e turn jungle justice,negative,0.5628614647096621,True
few seconds into d video i don already dey see meatpie,positive,few seconds into d video i don already dey see meatpie,positive,0.5114466155343778,True
peer pressure wahala you never chop well you dey buy dog now na you and your dog dey share one indomie super pack,negative,peer pressure wahala you never chop well you dey buy dog now na you and your dog dey share one indomie super pack,positive,0.5041996327957897,False
na you be that na god be that foolish boy i rush enter room go lie down on bed to make a peaceful and romantic call na so his stupid number show up,negative,na you be that na god be that foolish boy i rush enter room go lie down on bed to make a peaceful and romantic call na so his stupid number show up,positive,0.49183883405016826,False
in voicehrm pikin wey fine like this suppose dey with me️,positive,in voicehrm pikin wey fine like this suppose dey with me️,positive,0.8633054406137266,True
i hear dem beat una today again una just dy spoil boiz ticket up nd down mke una sha no wear that una jakujaku jersey for street ooo boiz dy vex ooo,negative,i hear dem beat una today again una just dy spoil boiz ticket up nd down mke una sha no wear that una jakujaku jersey for street ooo boiz dy vex ooo,negative,0.8730756646529071,True
that shit is painful man e dey be like say man don lose investment,negative,that shit is painful man e dey be like say man don lose investment,negative,0.7518178125988075,True
going through i don smile tire,positive,going through i don smile tire,negative,0.5796845297799565,False
abeg dem don finish the walking dead,positive,abeg dem don finish the walking dead,negative,0.5782004421830466,False
na wen soup hot na im you take da chop am,neutral,na wen soup hot na im you take da chop am,positive,0.48668706527300193,False
as i dey vex for e be like make i vex unfollow am self because of the anger of not doing my panic shopping yet and the lockdown in abuja is tomorrow,negative,as i dey vex for e be like make i vex unfollow am self because of the anger of not doing my panic shopping yet and the lockdown in abuja is tomorrow,negative,0.8598491788339866,True
so na so we go dey see bruno give assist for another team edward go dey keep face like who them no give kprash for house god is edward woodward bigger than you please nahh sign bruno,negative,so na so we go dey see bruno give assist for another team edward go dey keep face like who them no give kprash for house god is edward woodward bigger than you please nahh sign bruno,negative,0.6292454333673878,True
e be like that first time aproko doc shoot shot at amaka dem been dey date since wedding already love a we met on twitter love story,positive,e be like that first time aproko doc shoot shot at amaka dem been dey date since wedding already love a we met on twitter love story,positive,0.8237795736549078,True
bosse pain them girlcott in da mudd,positive,bosse pain them girlcott in da mudd,negative,0.5890722267513857,False
hows your family na hin i dey wait for,positive,hows your family na hin i dey wait for,positive,0.6660519411275216,True
who do una no be una dem even give pk,negative,who do una no be una dem even give pk,negative,0.8251097097242176,True
you way dey talk u don go into farming make u dey sell beta prize give us,negative,you way dey talk u don go into farming make u dey sell beta prize give us,positive,0.4849477900901891,False
saturday shout out to my wife under review abeg shes undergoing screening if she no fine make una talk na o,positive,saturday shout out to my wife under review abeg shes undergoing screening if she no fine make una talk na o,positive,0.563223747184046,True
lmao i go make money she go enjoy life,positive,lmao i go make money she go enjoy life,positive,0.8032509335709545,True
una dey craze tik tok and d husband and wife person wey post this thing rie nsi,negative,una dey craze tik tok and d husband and wife person wey post this thing rie nsi,negative,0.8203757286805093,True
see sweet boy wey dey make all of them vex skin like vanilla flavored chocolate ice cream,positive,see sweet boy wey dey make all of them vex skin like vanilla flavored chocolate ice cream,negative,0.4744475154765903,False
may cant get any worse sapa still dey hot fulani herdsmen still dey kidnap and kill boko haram dey get more power chief of army staff crashed and died buhari still remains president to cap it all chelsea don win champions league,negative,may cant get any worse sapa still dey hot fulani herdsmen still dey kidnap and kill boko haram dey get more power chief of army staff crashed and died buhari still remains president to cap it all chelsea don win champions league,negative,0.5470271458979115,True
as this country is going e be like god don comot hand from anything wey concern nigeria cause whats all this sad news everyday,negative,as this country is going e be like god don comot hand from anything wey concern nigeria cause whats all this sad news everyday,negative,0.8863333660163094,True
someone should just send me money please this school thing everything na him we dey pay ehn im not doing again o,negative,someone should just send me money please this school thing everything na him we dey pay ehn im not doing again o,negative,0.7619207077447061,True
i went to bank and they said u cant go inside without a mask then the lady behind me was telling someone elseabeg wen u finish borrow me your own ️,negative,i went to bank and they said u cant go inside without a mask then the lady behind me was telling someone elseabeg wen u finish borrow me your own ️,negative,0.5917565416708241,True
shey i tell you people na these ones sef na odes ‍️,negative,shey i tell you people na these ones sef na odes ️,negative,0.685885807248409,True
na wa ooo awon feminist ti de una go dey alright people that are mad,negative,na wa ooo awon feminist ti de una go dey alright people that are mad,negative,0.8121419029185383,True
bros this give away way de hungry u let am reach us small na xmas de fear us like dis,negative,bros this give away way de hungry u let am reach us small na xmas de fear us like dis,negative,0.48696978783974415,True
too many cute things this young man has been around this his little girl ever since they moved into the ward already singing sef haaa all no be money o,positive,too many cute things this young man has been around this his little girl ever since they moved into the ward already singing sef haaa all no be money o,positive,0.6211030576312209,True
na when team no good person dey pray for less worthy opponents i pray say make una meet barca or bayern,negative,na when team no good person dey pray for less worthy opponents i pray say make una meet barca or bayern,positive,0.521619795425383,False
make una come i don die,positive,make una come i don die,positive,0.6343469797815932,True
even short time here na from k sef,neutral,even short time here na from k sef,negative,0.40753560464976857,False
whynin dem don sabi my baby ️ thanks shopping this for me lekki phase,positive,whynin dem don sabi my baby ️ thanks shopping this for me lekki phase,positive,0.750521560918547,True
women wey dey support man united dey special ️,positive,women wey dey support man united dey special ️,positive,0.6496496217252978,True
na wey smart dey make for class but when comes na dat same pikin dey dust all the,positive,na wey smart dey make for class but when comes na dat same pikin dey dust all the,neutral,0.4873964185719022,False
eyy god i am with kids so na cartoon i dey watch small change like this them go dey scratch body,negative,eyy god i am with kids so na cartoon i dey watch small change like this them go dey scratch body,positive,0.3582283481372663,False
don see account details e don stop yo dey reply me,negative,don see account details e don stop yo dey reply me,negative,0.46425225306115764,True
if to say i be matter wey dey sup i for don enter trend table now i got some more juice for the next days guys ‍️️ thanks to yall imma keep being your and,positive,if to say i be matter wey dey sup i for don enter trend table now i got some more juice for the next days guys ️️ thanks to yall imma keep being your and,positive,0.5834460777716325,True
wetin happen dem remove am totally,negative,wetin happen dem remove am totally,neutral,0.4860308872710732,False
i will suffocate you with kisses sef,positive,i will suffocate you with kisses sef,positive,0.6248989295829067,True
pls and pls i know i always reply dms but abeg how can a guy slide into my dm and after exchanging pleasantries be like ya emmata ya lover i mean wtf who does that why be say na only guys de slide my dm sef,negative,pls and pls i know i always reply dms but abeg how can a guy slide into my dm and after exchanging pleasantries be like ya emmata ya lover i mean wtf who does that why be say na only guys de slide my dm sef,negative,0.6045278627316267,True
lol tho they no dey spend reach glo wey dey carry all celebs put inside ads wey no dey creative and their network no worst reach glo own,negative,lol tho they no dey spend reach glo wey dey carry all celebs put inside ads wey no dey creative and their network no worst reach glo own,negative,0.7686961371181863,True
make me regret not moving you as i was moving to take my place as a marlian oh now see you seeing heaven and i gotta wait till weekend when im less busy when before na one dm wey sound like bro are you back real inside life,negative,make me regret not moving you as i was moving to take my place as a marlian oh now see you seeing heaven and i gotta wait till weekend when im less busy when before na one dm wey sound like bro are you back real inside life,positive,0.5028326033589386,False
i sha know that babe and clique get bad omen for that socialiga day na why we no get along i thank god for my life to think that i wanted to offer one a lift in my uber maybe na me for dey do thread,negative,i sha know that babe and clique get bad omen for that socialiga day na why we no get along i thank god for my life to think that i wanted to offer one a lift in my uber maybe na me for dey do thread,positive,0.5754949534413584,False
if you like show us where dem dey behead people shooting people etc even show us lion tiger leopard any sort of wild animal eating people were still coming to join you make dem chao all of us together i hate nonsense oshi,negative,if you like show us where dem dey behead people shooting people etc even show us lion tiger leopard any sort of wild animal eating people were still coming to join you make dem chao all of us together i hate nonsense oshi,negative,0.6812203696136697,True
if i comot akure at all na ado ekiti i wan land ah nor want city stress ahbeg make small money and spend like a king now imagine when you begin to make money like highway robber,positive,if i comot akure at all na ado ekiti i wan land ah nor want city stress ahbeg make small money and spend like a king now imagine when you begin to make money like highway robber,negative,0.714792170632422,False
where una climb dey gocome back joor,negative,where una climb dey gocome back joor,positive,0.4208742096759018,False
emmyars board are wicked ooso with just a£m wen no reachbuysuper playerdem wan make wenger win epldem wan kill am,negative,emmyars board are wicked ooso with just a£m wen no reachbuysuper playerdem wan make wenger win epldem wan kill am,negative,0.6251718022933473,True
going down in a few minutes if you dey onitsha and environs abeg show even if na for the small chops make e for no loss,positive,going down in a few minutes if you dey onitsha and environs abeg show even if na for the small chops make e for no loss,positive,0.6454915330631714,True
na clitoris hin wan talk vagina ke vagina usa tweet ur location,negative,na clitoris hin wan talk vagina ke vagina usa tweet ur location,negative,0.44269336526809233,True
una way tell me say make i just enter school say like play like play i go finish i no know say na rough play be dat see me now yrs one level,negative,una way tell me say make i just enter school say like play like play i go finish i no know say na rough play be dat see me now yrs one level,negative,0.7585906063040873,True
you guys should help me na my career sef dey suffer sell my own story na,negative,you guys should help me na my career sef dey suffer sell my own story na,negative,0.4477101948428071,True
maami support me na see as dem dey attack only me,positive,maami support me na see as dem dey attack only me,negative,0.4343481484459627,False
twitter logged me out this afternoon around oclock i lost all my draft tweets all the puns and the cons i still cant believe it honestly i dey feel terrible heat e be like say i wan shit i really cant think straight im in sifia pains,negative,twitter logged me out this afternoon around oclock i lost all my draft tweets all the puns and the cons i still cant believe it honestly i dey feel terrible heat e be like say i wan shit i really cant think straight im in sifia pains,negative,0.7128191077934928,True
dem say na aikin allah we de do our reward is in heaven,positive,dem say na aikin allah we de do our reward is in heaven,positive,0.5363108650747317,True
oga boss this your avatar abi na caricature get as e be o like custom officer wey dem transfer from port to desk,negative,oga boss this your avatar abi na caricature get as e be o like custom officer wey dem transfer from port to desk,negative,0.500009602644913,True
e too dey scenti nor dey like am,negative,e too dey scenti nor dey like am,negative,0.5770244923077281,True
i be wan talk before dem go say na because i no fine i be hater,negative,i be wan talk before dem go say na because i no fine i be hater,negative,0.8354243285436285,True
guy abeg where the baba dey abeg,neutral,guy abeg where the baba dey abeg,neutral,0.4128289169287373,True
e be like the yansh wan commot for the body,positive,e be like the yansh wan commot for the body,negative,0.5425425763478505,False
seriously i was like when i saw that tweet doc na that kain dad wey go make think you have played him mugu by allowing you eat his facebookopeningfee money and waylay you for tuition fee time,negative,seriously i was like when i saw that tweet doc na that kain dad wey go make think you have played him mugu by allowing you eat his facebookopeningfee money and waylay you for tuition fee time,positive,0.49075829288340456,False
why boss kon dey tell me shey na me dey do policy ni,negative,why boss kon dey tell me shey na me dey do policy ni,negative,0.6290599662968743,True
sha this small money wey i dey talk took me almost months oo i still dey try recover from the expense sef,negative,sha this small money wey i dey talk took me almost months oo i still dey try recover from the expense sef,positive,0.509469268910893,False
after de gea is carrick best players today de gea mata rvp valencia rooney,positive,after de gea is carrick best players today de gea mata rvp valencia rooney,positive,0.5345689060767777,True
omo na who popo catch na him b criminal,neutral,omo na who popo catch na him b criminal,neutral,0.4730474768430762,True
no vex baba na the plane ticket of una spectators dey do me strong thing for body una enta plane come collect beating,negative,no vex baba na the plane ticket of una spectators dey do me strong thing for body una enta plane come collect beating,negative,0.7530151512465575,True
can i follow you again like youre spitting the truth read bible and hear the truth from the source no na to dey find miracle waka like leaf wey wind dey carry any were breeze blow e follow how wont you fall into the hands of scammers,negative,can i follow you again like youre spitting the truth read bible and hear the truth from the source no na to dey find miracle waka like leaf wey wind dey carry any were breeze blow e follow how wont you fall into the hands of scammers,negative,0.6171860973662576,True
you dey know na all those nyash wey get stretch marks dem dey like am well well,positive,you dey know na all those nyash wey get stretch marks dem dey like am well well,neutral,0.4289198438124858,False
na people wey get just panties dey talk that one,negative,na people wey get just panties dey talk that one,neutral,0.4076760923509879,False
as i be nothing dey to talk again the broom i wan use take come russia no come dey work,negative,as i be nothing dey to talk again the broom i wan use take come russia no come dey work,negative,0.8759371191025699,True
why autocorrect dey do like this na i wan write age with grace to dis new babe autocorrect put age with gravey na,negative,why autocorrect dey do like this na i wan write age with grace to dis new babe autocorrect put age with gravey na,positive,0.4522861846322935,False
u don de spread am already make i dm my details asap abi,positive,u don de spread am already make i dm my details asap abi,positive,0.4825841640197034,True
we fit get joint account sef make dem do am for us now,positive,we fit get joint account sef make dem do am for us now,positive,0.7342667142036865,True
no oooooooo when did lagos become abroad move him abroad for treatments yeye people dey no get shame at all dey are hoping to get him the best treatment in lagos what has happened to your hospitals in abuja where the presidency is una never learn we just dey start,negative,no oooooooo when did lagos become abroad move him abroad for treatments yeye people dey no get shame at all dey are hoping to get him the best treatment in lagos what has happened to your hospitals in abuja where the presidency is una never learn we just dey start,negative,0.8069304634950951,True
aswear o e save her name with mami m,negative,aswear o e save her name with mami m,positive,0.4774878287915361,False
happy new month sef don turn sour‍️ this year get as e be,negative,happy new month sef don turn sour️ this year get as e be,positive,0.5939087920731934,False
why are u deceiving us na if i dey hear this ting my hope dey faint,positive,why are u deceiving us na if i dey hear this ting my hope dey faint,negative,0.5062989385545931,False
team wey i carry straight win don dey lose,negative,team wey i carry straight win don dey lose,negative,0.3803826946760176,True
which anthem for were burnaboy album dey you dey mention fem that one na song,negative,which anthem for were burnaboy album dey you dey mention fem that one na song,positive,0.44813742008343926,False
for wre u dey go church i wan go they,positive,for wre u dey go church i wan go they,negative,0.5555778239752149,False
you don dey surprise tweeps with giveaways since last year see eh hold me oh,negative,you don dey surprise tweeps with giveaways since last year see eh hold me oh,positive,0.4634933680030521,False
tigernut drink is what you need if you really want to go to war i mean i just pity person pikin wey i go handle today fa all the women around should be guided please body dey totori mi,positive,tigernut drink is what you need if you really want to go to war i mean i just pity person pikin wey i go handle today fa all the women around should be guided please body dey totori mi,negative,0.4899046425517022,False
italy wetin dey italiate,neutral,italy wetin dey italiate,neutral,0.8707372140445439,True
lol i dey awka na flavour event on the th i dey warm up for,positive,lol i dey awka na flavour event on the th i dey warm up for,neutral,0.5655147704841741,False
she na guy b dat oooo even though him don madt,negative,she na guy b dat oooo even though him don madt,negative,0.3849315977924288,True
lol even the uniform sef sars wey we dey complain about no dey wear police uniform,negative,lol even the uniform sef sars wey we dey complain about no dey wear police uniform,negative,0.8371435941500949,True
make una stop this cheating thing e dey gimme chest pain,negative,make una stop this cheating thing e dey gimme chest pain,negative,0.522636396364876,True
pills don dey market to do am since,neutral,pills don dey market to do am since,positive,0.4770673083068899,False
e pain me she even liked from why please,negative,e pain me she even liked from why please,negative,0.8906404337789092,True
why u dey yan like say u fit spank gal wey never love u back she will spank u back hard but that will be on your face bro,negative,why u dey yan like say u fit spank gal wey never love u back she will spank u back hard but that will be on your face bro,negative,0.6911239287541038,True
im like that too and thats why if i eventually decide to get married i will not marry an unfortunate individual that will wake me up and say she want to discuss something in the midnight i fit sit down for floor just dey cry,negative,im like that too and thats why if i eventually decide to get married i will not marry an unfortunate individual that will wake me up and say she want to discuss something in the midnight i fit sit down for floor just dey cry,negative,0.8881555376305976,True
chai from number one to number five all stunning lemme goan admire them again sef,positive,chai from number one to number five all stunning lemme goan admire them again sef,negative,0.5947270244794727,False
na only grammar all of una sabi speak,negative,na only grammar all of una sabi speak,positive,0.45147460853037436,False
if you see someone singing egungun be careful na express you dey go on the road abeg hold me im not stable,negative,if you see someone singing egungun be careful na express you dey go on the road abeg hold me im not stable,negative,0.4831203763412987,True
e get the kain source wey you go see you go believe small tf is sources,positive,e get the kain source wey you go see you go believe small tf is sources,positive,0.5820463832857763,True
so ill be respected more shebi dey say e dey bring projects and respect,positive,so ill be respected more shebi dey say e dey bring projects and respect,negative,0.5666239082662172,False
dothraki soldiers dey make noise like hausa boys wey dey go fight riot,negative,dothraki soldiers dey make noise like hausa boys wey dey go fight riot,negative,0.7652694707667059,True
e be like say dem dey cook us inside oven,negative,e be like say dem dey cook us inside oven,negative,0.6187139690666952,True
loool this mute button na inside life o e go far gannnnn you mute person and e be like say them don die,positive,loool this mute button na inside life o e go far gannnnn you mute person and e be like say them don die,negative,0.5990781369372598,False
he hushed everyone in his words the trust wey i get for una una don break am this night who come tiff phone wey dem dey charge for my room i could only hear frogs croaking from the gutters outside the silence was epic he had a generator and he used to let housemate,negative,he hushed everyone in his words the trust wey i get for una una don break am this night who come tiff phone wey dem dey charge for my room i could only hear frogs croaking from the gutters outside the silence was epic he had a generator and he used to let housemate,negative,0.8294393871841882,True
i love how goofy fun and playful their relationship is wizkid is happy tiwa is happy future loml let us be happy like this forever anybody wey dey carry block for their matter dey on their own,positive,i love how goofy fun and playful their relationship is wizkid is happy tiwa is happy future loml let us be happy like this forever anybody wey dey carry block for their matter dey on their own,positive,0.6548155362497949,True
aswear e no go funny wahala sef don pass the money them go wan pay you,negative,aswear e no go funny wahala sef don pass the money them go wan pay you,negative,0.841787093190735,True
now this one una go for get mouth una no hear say dey kidnapped people children for kaduna state abi deaf ni or una know say dss kill people for enugu na wa for this next level pipolo,negative,now this one una go for get mouth una no hear say dey kidnapped people children for kaduna state abi deaf ni or una know say dss kill people for enugu na wa for this next level pipolo,negative,0.9492473391104629,True
must man united win every match na waytin them sabi they play na lol,positive,must man united win every match na waytin them sabi they play na lol,positive,0.40883765147826023,True
bros we should stop talking about this thing e dey pain me water dey comot for my eye seriously o e dey pain me enta bodi,negative,bros we should stop talking about this thing e dey pain me water dey comot for my eye seriously o e dey pain me enta bodi,negative,0.8678865724119438,True
yoooo your avatar dia fadaaa dem no born anybody well,positive,yoooo your avatar dia fadaaa dem no born anybody well,negative,0.48019448862366004,False
karius was woeful biko ahn ahn e be like person wey nor dey chop protein,negative,karius was woeful biko ahn ahn e be like person wey nor dey chop protein,negative,0.6684689563546002,True
happy bday to my gossip partner no long talk cos u know as e dey go i love u omalicham ️ we love you baby ️ where the party dey nah lekki lagos,positive,happy bday to my gossip partner no long talk cos u know as e dey go i love u omalicham ️ we love you baby ️ where the party dey nah lekki lagos,positive,0.8422649201861248,True
is really a cheap blackmail buhari shld v b talkin about how curtail dis threaded terrorist instead he is talkin about militia b funded by d gov wen d head of a family is brainless d family is in big trouble but wen a pres is brainless d country is doomed,negative,is really a cheap blackmail buhari shld v b talkin about how curtail dis threaded terrorist instead he is talkin about militia b funded by d gov wen d head of a family is brainless d family is in big trouble but wen a pres is brainless d country is doomed,negative,0.7590981881313433,True
why am i just seeing this must be twitter again but guys look at my baby who is your best girl na ️ this babe is brooooooooo god dey create sha abeg tell all the guys in the mentions that you are taken lola mi ️,positive,why am i just seeing this must be twitter again but guys look at my baby who is your best girl na ️ this babe is brooooooooo god dey create sha abeg tell all the guys in the mentions that you are taken lola mi ️,positive,0.8404734019411807,True
dear chelsea and manchester united after the whole hustle tension heart attack draws and lost just to qualify for champions league next season if una two like go play rubbish for champions league see yet na ogun go kill una papa,neutral,dear chelsea and manchester united after the whole hustle tension heart attack draws and lost just to qualify for champions league next season if una two like go play rubbish for champions league see yet na ogun go kill una papa,negative,0.7762178956168208,False
i no too get sense like that but i sabi too many idiots shigbain sense dem no fit boast of,negative,i no too get sense like that but i sabi too many idiots shigbain sense dem no fit boast of,negative,0.6383265227788433,True
na me una dey live on im spending money small small so e no go finish now i have to take care of you too as a nursing mother with twins im just angry goats can eat their foods are expensive im going to name them bitterness and pain cause right now im bitter and in pains,positive,na me una dey live on im spending money small small so e no go finish now i have to take care of you too as a nursing mother with twins im just angry goats can eat their foods are expensive im going to name them bitterness and pain cause right now im bitter and in pains,negative,0.6704686986497999,False
the one wey off me last year na one babe wey dey fully date two guys and leading like three other guys on dey ask me for money shock hol me so tey i wan ask her what about em mandem wey dey at her service,negative,the one wey off me last year na one babe wey dey fully date two guys and leading like three other guys on dey ask me for money shock hol me so tey i wan ask her what about em mandem wey dey at her service,negative,0.6389392724430616,True
be like say you dey craze i send you work na because of you dem dey send me condolence message,negative,be like say you dey craze i send you work na because of you dem dey send me condolence message,negative,0.8713628116448114,True
lmfao guy im as shook as you are na me dey find am for pm na why,neutral,lmfao guy im as shook as you are na me dey find am for pm na why,positive,0.6726781669012872,False
baba big amen wit some blessing to my account,positive,baba big amen wit some blessing to my account,positive,0.5281572561277075,True
e dey give cancer,negative,e dey give cancer,positive,0.33626051626755316,False
we dey fight for a better nigeriadis werey dey here dey do him own evil work e sir we re coming for u soon,negative,we dey fight for a better nigeriadis werey dey here dey do him own evil work e sir we re coming for u soon,negative,0.4537110615961241,True
dem de look us we de go odidikporikpo,positive,dem de look us we de go odidikporikpo,positive,0.4617710884715828,True
e sweet you say dem go disconnect me e go soon shock you,positive,e sweet you say dem go disconnect me e go soon shock you,positive,0.5033785930762409,True
lmfao i cant hold this laughter again like guy wetin dey happen make you no go dey say what was in your mind when i booked a hotel ‍️,positive,lmfao i cant hold this laughter again like guy wetin dey happen make you no go dey say what was in your mind when i booked a hotel ️,negative,0.7492860192268735,False
you drip finish dey talk about respect over money let the money comot fess,negative,you drip finish dey talk about respect over money let the money comot fess,negative,0.666492700416593,True
all the girls for uyo na model meanwhile this one said shes the most beautiful queen in nigeria i don google tire ion see her name babe dey work me facee ‍️‍️,positive,all the girls for uyo na model meanwhile this one said shes the most beautiful queen in nigeria i don google tire ion see her name babe dey work me facee ️️,negative,0.6426065733960133,False
why na dem just be hitting mah dm i don tire oo just like dat some pipus uncles dey disturb mah life cycle whhhhy,negative,why na dem just be hitting mah dm i don tire oo just like dat some pipus uncles dey disturb mah life cycle whhhhy,negative,0.849964698358116,True
i just dey waka on my own ohh you too get wahala,negative,i just dey waka on my own ohh you too get wahala,positive,0.6558258645255859,False
when i tell chelsea fans dat when kepa starts it means we are goal down already e go be like say i just dey hate let us enjoy our kepa,negative,when i tell chelsea fans dat when kepa starts it means we are goal down already e go be like say i just dey hate let us enjoy our kepa,positive,0.6573810191020457,False
the person no gree na why i dey help am find buyer,negative,the person no gree na why i dey help am find buyer,negative,0.606327918248364,True
tboss dey learnyou see ceec lasan e go dey do you like say make you stone your tv,negative,tboss dey learnyou see ceec lasan e go dey do you like say make you stone your tv,positive,0.5068913897640481,False
hmmmm i enjoy doing t also nigerians will be honking as if them wan go do surgery for patients even police when carry him wife de go market with police can go de honk and run traffic a country without rule is only but hell same folks will park on zebra crossing and insult,negative,hmmmm i enjoy doing t also nigerians will be honking as if them wan go do surgery for patients even police when carry him wife de go market with police can go de honk and run traffic a country without rule is only but hell same folks will park on zebra crossing and insult,negative,0.8425800538600223,True
here i am baby practice what you preach fi di gyals dem karaoke was super litty last week friday hope yall come through this week im your host so come watch my fire moves too this friday at by pm,positive,here i am baby practice what you preach fi di gyals dem karaoke was super litty last week friday hope yall come through this week im your host so come watch my fire moves too this friday at by pm,positive,0.6346170978599469,True
alcacer we all know david de gea has de worst defense in de league how do you expect him to keep clean sheets,negative,alcacer we all know david de gea has de worst defense in de league how do you expect him to keep clean sheets,negative,0.5265444332291909,True
ah the idea is they are also supposed to campaign back home lets go na i go get you cwo uniform claim say you be lolo and womens leader,positive,ah the idea is they are also supposed to campaign back home lets go na i go get you cwo uniform claim say you be lolo and womens leader,negative,0.5743860446923823,False
i hope youre not talking about shema lmaoooo because that shema sef dey wonder how your money dey color,negative,i hope youre not talking about shema lmaoooo because that shema sef dey wonder how your money dey color,negative,0.6597496049093344,True
when na to de pursue them torres for nyash you sabi how you go know ball,negative,when na to de pursue them torres for nyash you sabi how you go know ball,positive,0.7039941608569134,False
go and do your research you don travel out of your state before if nor be say we dey stan thesame mcm u for chop slap for telling me shut up you think say flavor na olamide mate for music,negative,go and do your research you don travel out of your state before if nor be say we dey stan thesame mcm u for chop slap for telling me shut up you think say flavor na olamide mate for music,negative,0.578920189012159,True
lmfao you wey no fit open eyes wella wan go pilot school tearssss,negative,lmfao you wey no fit open eyes wella wan go pilot school tearssss,negative,0.7772302386965627,True
were una dey see this soap,neutral,were una dey see this soap,negative,0.4742432141934294,False
these set of house mates sha wetin dey their head na how to come out of the house and become celebrities social media verification etc etc yeye,negative,these set of house mates sha wetin dey their head na how to come out of the house and become celebrities social media verification etc etc yeye,negative,0.7829073356069307,True
people don dey unlike pictures for ig and delete comments sha some even don unfollow am,negative,people don dey unlike pictures for ig and delete comments sha some even don unfollow am,negative,0.5772570239130057,True
ur testimony makes me dis god he z a true god he works n ways man cannot understandu were n pain bt just dat song nara brought abt ur healing lyk u said fr days nw u hve not bn n pain who has done dat no bt jesus all glory return to him alone,positive,ur testimony makes me dis god he z a true god he works n ways man cannot understandu were n pain bt just dat song nara brought abt ur healing lyk u said fr days nw u hve not bn n pain who has done dat no bt jesus all glory return to him alone,negative,0.618687315445704,False
wetin again you fit dona u wan mix cement and water,negative,wetin again you fit dona u wan mix cement and water,positive,0.48092744062184145,False
youre mad see you wey you want use ₦ stake to win ₦ for bet naija who dash you crypto currencies and forex your ₦k bitcoin wey don enter dip you better go an start selling gala and get a life burna boy,negative,youre mad see you wey you want use ₦ stake to win ₦ for bet naija who dash you crypto currencies and forex your ₦k bitcoin wey don enter dip you better go an start selling gala and get a life burna boy,negative,0.6044915720426453,True
lolna u sabi dat goat,negative,lolna u sabi dat goat,positive,0.5283190895674025,False
lol makes sense resale value for here na shey first body ni shey ac dey work cos the mechanic sef no reliable,negative,lol makes sense resale value for here na shey first body ni shey ac dey work cos the mechanic sef no reliable,negative,0.5664297727620765,True
dem dey know whu dem de bail at any pointin tym,neutral,dem dey know whu dem de bail at any pointin tym,neutral,0.47995086579445695,True
i dey find where i go play snooker for this warribut this south south boys dey be professionals,positive,i dey find where i go play snooker for this warribut this south south boys dey be professionals,negative,0.3630821408294704,False
wetin ole no go see for old trafford,negative,wetin ole no go see for old trafford,negative,0.6073247380984393,True
ok please its a joke o dont send account number or ask how cause me sef no know anything i never see k before sef where i wan see million,neutral,ok please its a joke o dont send account number or ask how cause me sef no know anything i never see k before sef where i wan see million,negative,0.5831081724513268,False
god abeg make e end before e reach delta and cross river,positive,god abeg make e end before e reach delta and cross river,positive,0.6105692825933251,True
this heat and no light since morning god na your hand e de now oh,negative,this heat and no light since morning god na your hand e de now oh,negative,0.6758414501127693,True
im not new here o buh you guys have been ignoring me a lot you guys should follow me and like my tweet too na e no good o,negative,im not new here o buh you guys have been ignoring me a lot you guys should follow me and like my tweet too na e no good o,positive,0.511920279093579,False
e be like say barcelona sef dey mad,negative,e be like say barcelona sef dey mad,negative,0.6681197915162405,True
early morning you don dey vex ehn,positive,early morning you don dey vex ehn,negative,0.5621893640634955,False
i have been saying this since abeg who sabi where this church dey for onitsha,positive,i have been saying this since abeg who sabi where this church dey for onitsha,negative,0.3978763754668386,False
i have never love anyone d way i love wizkid and davido wen i talk abt dem u gat to think if dey are related to me weird ryt anyways i still love dem like bad hazel lil gal️,positive,i have never love anyone d way i love wizkid and davido wen i talk abt dem u gat to think if dey are related to me weird ryt anyways i still love dem like bad hazel lil gal️,positive,0.5115573005604873,True
lmao see this man u fan dey talk if na sars catch liverpool wetin catch man u,negative,lmao see this man u fan dey talk if na sars catch liverpool wetin catch man u,negative,0.6442885570175558,True
omo i just dey remember say i shazam song wey been dey play when i won buy bread and egg from aboki yesterday i see am for apple music and i jam am i think ive lost it,positive,omo i just dey remember say i shazam song wey been dey play when i won buy bread and egg from aboki yesterday i see am for apple music and i jam am i think ive lost it,positive,0.58906267720104,True
person wey say he no go leave us go chevron sef forgerrit the bobo we were served was legendary,negative,person wey say he no go leave us go chevron sef forgerrit the bobo we were served was legendary,negative,0.704027639302655,True
closed mouth is a closed destiny o my dear talk true o you fit see your future husband for here o me i kuku wan chop rice,negative,closed mouth is a closed destiny o my dear talk true o you fit see your future husband for here o me i kuku wan chop rice,positive,0.5281571966072368,False
abeg gimme ur address make i begin trek come dia,positive,abeg gimme ur address make i begin trek come dia,positive,0.5491097593724009,True
i dun evn want ebira agn sef evn if i no do local woman cannot can,negative,i dun evn want ebira agn sef evn if i no do local woman cannot can,negative,0.6939939188617712,True
na wetin una dey talk,neutral,na wetin una dey talk,neutral,0.539227809503144,True
bosss make una help the boy na,negative,bosss make una help the boy na,positive,0.6429020398591293,False
my doctor said i should have a sleep of hrs on the go and i was like this guy dey joke sha the highest sleep i can go is hrs how do people sleep for hrs when i never dey ok even when am sleeping my head go dey tell me say hope you know you are still poor,negative,my doctor said i should have a sleep of hrs on the go and i was like this guy dey joke sha the highest sleep i can go is hrs how do people sleep for hrs when i never dey ok even when am sleeping my head go dey tell me say hope you know you are still poor,negative,0.8724956024269835,True
ke lmao unless you wan buy the one wey dem don mark up the price i think for a series the cheapest you can get is within k but you know say you be my oga so you fit go for series tuale sir,positive,ke lmao unless you wan buy the one wey dem don mark up the price i think for a series the cheapest you can get is within k but you know say you be my oga so you fit go for series tuale sir,positive,0.490061210384279,True
but if na man dey touch woman like that na harassment,negative,but if na man dey touch woman like that na harassment,negative,0.5793294790568579,True
dem go say na u advise them to do anything that make dem happy so u go come share in their sins like that better tell them to do godly things thatake them happy ooo,positive,dem go say na u advise them to do anything that make dem happy so u go come share in their sins like that better tell them to do godly things thatake them happy ooo,negative,0.6995545710844187,False
the one wey dey do you sha,neutral,the one wey dey do you sha,neutral,0.4586886375141486,True
im always active on your page but if na giveaway time u no see me again why nah abi i kill your pikin inside water,negative,im always active on your page but if na giveaway time u no see me again why nah abi i kill your pikin inside water,negative,0.8058337481485135,True
~ ifu wey dey down bottles of legend in the house and mama no dey shake guy fear short girls with muscles na woman like that dey beat man hands down if them allow her slap ahneeka that day he neck fit shift,negative,~ ifu wey dey down bottles of legend in the house and mama no dey shake guy fear short girls with muscles na woman like that dey beat man hands down if them allow her slap ahneeka that day he neck fit shift,negative,0.7614985031314035,True
abi baba hand fit dey for the one wey die,negative,abi baba hand fit dey for the one wey die,positive,0.5182531480859245,False
i no de see am abii na plant be that the werey de disguise e dn forsee say you won sell am,negative,i no de see am abii na plant be that the werey de disguise e dn forsee say you won sell am,negative,0.7001881001180218,True
ehnnnnnnnnn na easy things b this oo abeg com carry me go the baba place sharply i go even rent house for him for lekki with cars sef,positive,ehnnnnnnnnn na easy things b this oo abeg com carry me go the baba place sharply i go even rent house for him for lekki with cars sef,positive,0.49490015993774106,True
that place na hell na,negative,that place na hell na,neutral,0.6243475026354082,False
lmao craving sea food pasta from lmao which kain wahala be this im far off in anambra rn but im craving something in lagos,negative,lmao craving sea food pasta from lmao which kain wahala be this im far off in anambra rn but im craving something in lagos,negative,0.8184146552661701,True
they don come again we go suffer for line finish na made men we go see for house wtf is pick a group leader translate watz in dat card you picked thank youyou will hear from us yet no b say dem collect our details for d room,negative,they don come again we go suffer for line finish na made men we go see for house wtf is pick a group leader translate watz in dat card you picked thank youyou will hear from us yet no b say dem collect our details for d room,negative,0.8371322660530517,True
fine boy wey con sabi sing again,positive,fine boy wey con sabi sing again,positive,0.8101225331213702,True
and that thing wey do ur chwest how e take affect mi,negative,and that thing wey do ur chwest how e take affect mi,negative,0.528836086293816,True
bwahahahahaha na your mates dey do giveaway in this psychological time na book you wan make i go read smh ️,negative,bwahahahahaha na your mates dey do giveaway in this psychological time na book you wan make i go read smh ️,negative,0.680388784538332,True
abegi accant don dey finish,negative,abegi accant don dey finish,negative,0.5382702322584496,True
same foolish boy that just got outta sch serving wey dem still dey feed from house na una dey rate them sha influencer ko outflenza ni,negative,same foolish boy that just got outta sch serving wey dem still dey feed from house na una dey rate them sha influencer ko outflenza ni,negative,0.7013775122295741,True
wahala dey ooo amodu don follow keshi waka oooo,negative,wahala dey ooo amodu don follow keshi waka oooo,negative,0.4757126588218824,True
now the game don start if you get better hand work business or skills in nigeria now is the time to dedicate more time to those endeavors be very good at them cause the grass arent greener on the other side anymore when we say grow nigeria to buy nigeria e don hapun,positive,now the game don start if you get better hand work business or skills in nigeria now is the time to dedicate more time to those endeavors be very good at them cause the grass arent greener on the other side anymore when we say grow nigeria to buy nigeria e don hapun,positive,0.4840100901239532,True
wahala psg wey dey win don dey draw now left win from one ticket to boom to tickets,negative,wahala psg wey dey win don dey draw now left win from one ticket to boom to tickets,negative,0.6395008341915691,True
lol its kuku all of you im talking to small thing una don dy analyse they apportion blames,negative,lol its kuku all of you im talking to small thing una don dy analyse they apportion blames,negative,0.6863025504064473,True
these people just dey enjoy for amawbia site mehn no wonder dem no wan make i show since ‍️ see better local kitchens chilled drinks n all,negative,these people just dey enjoy for amawbia site mehn no wonder dem no wan make i show since ️ see better local kitchens chilled drinks n all,positive,0.5279763667450311,False
why are my followers reducing na followers wey never reach come go dey reduce good morning,negative,why are my followers reducing na followers wey never reach come go dey reduce good morning,positive,0.4878825544985902,False
im not going outside until the temperature is above my age kd is so freaking cold the wind sef be like say na angels dey blow am,negative,im not going outside until the temperature is above my age kd is so freaking cold the wind sef be like say na angels dey blow am,negative,0.7168450779813388,True
dis is happening in badore road ajah if u see dis tweet kindly retweet so dat d world may see,negative,dis is happening in badore road ajah if u see dis tweet kindly retweet so dat d world may see,positive,0.44175270764527463,False
its this client calling to come to his house that dem don cancel sit at home dey funny me you sidon for your house with your family with security personnel and want me to go collect beating,negative,its this client calling to come to his house that dem don cancel sit at home dey funny me you sidon for your house with your family with security personnel and want me to go collect beating,positive,0.49174273415362224,False
and if e easy ur grand father for popular by now oo u for dey enjoy d privilege wey dem seun kuti dey enjoy,negative,and if e easy ur grand father for popular by now oo u for dey enjoy d privilege wey dem seun kuti dey enjoy,positive,0.6106390888576386,False
you country nor dey there too zimbabwe una nor even dey talk self talkless of speak english,negative,you country nor dey there too zimbabwe una nor even dey talk self talkless of speak english,negative,0.674221591294918,True
biggi sef confirm am biggi sef get eye and him dey see am biggi sef dey regret why he succumbed to little bribe and disqualified child of grace biggi sef don finally receive sense to the benefit of the current bbn show going on,positive,biggi sef confirm am biggi sef get eye and him dey see am biggi sef dey regret why he succumbed to little bribe and disqualified child of grace biggi sef don finally receive sense to the benefit of the current bbn show going on,positive,0.44596935113427666,True
omo una no de play ball for una estate again i don fat,negative,omo una no de play ball for una estate again i don fat,negative,0.7981238141204622,True
na d tin wey dey make football sweet be dat mourinho the finished one,positive,na d tin wey dey make football sweet be dat mourinho the finished one,positive,0.5408295612884112,True
hahahahacoz e be like na wetin you been wan do oh,neutral,hahahahacoz e be like na wetin you been wan do oh,positive,0.4427010522093657,False
the kind one of a kind wey some of una be dey one kind,negative,the kind one of a kind wey some of una be dey one kind,negative,0.6247937411525388,True
im supposed to make sure my mum has the best of christmas like my dad always did for her popsy no dey again and i no get money,positive,im supposed to make sure my mum has the best of christmas like my dad always did for her popsy no dey again and i no get money,negative,0.7003313563001404,False
no jersey my brother the way una dey ask for jersey e be like say una want make dem run out of business later in the year who knows lets keep fingers crossed i went there for danielle de rossi and i am so glad it was powerful no worry ac milan go make top,positive,no jersey my brother the way una dey ask for jersey e be like say una want make dem run out of business later in the year who knows lets keep fingers crossed i went there for danielle de rossi and i am so glad it was powerful no worry ac milan go make top,negative,0.7655679051601129,False
this one i have just bin blessing people for the kinda tweets they tweeting today is really freaking me outgod abeg use this tweet to bless me for all the blessings i have bin blessing others oooo,negative,this one i have just bin blessing people for the kinda tweets they tweeting today is really freaking me outgod abeg use this tweet to bless me for all the blessings i have bin blessing others oooo,positive,0.5589064900736705,False
month never reach half i don already make one mistake who send me make i wash my son bombom after he shit finish laidis tori olorun my hand just dey smell like dump site since morning,negative,month never reach half i don already make one mistake who send me make i wash my son bombom after he shit finish laidis tori olorun my hand just dey smell like dump site since morning,negative,0.8299160606965614,True
follow follow were do you know they are going you just wan follow na u suppose dey conduct house fellowship,negative,follow follow were do you know they are going you just wan follow na u suppose dey conduct house fellowship,positive,0.5342824767171014,False
abeg no dey talk dis kind issue fa oo scary,negative,abeg no dey talk dis kind issue fa oo scary,negative,0.6838530750309288,True
seeing my guys win gives me joy being the plug gladdens my heart more before i so to god love to for being the grid you dey make big things sup oluwa na u be d chief handler wey no get handle,positive,seeing my guys win gives me joy being the plug gladdens my heart more before i so to god love to for being the grid you dey make big things sup oluwa na u be d chief handler wey no get handle,positive,0.5714978047837953,True
everybody wey dey asaba,negative,everybody wey dey asaba,positive,0.4642046943199978,False
i broke a ml beaker during practical and now i have to replace it thats not even my problem the problem is that this is the th store im in and na for ml beaker their own dey stop i don almost use leg reach uselu market and rain dey fall god my day,negative,i broke a ml beaker during practical and now i have to replace it thats not even my problem the problem is that this is the th store im in and na for ml beaker their own dey stop i don almost use leg reach uselu market and rain dey fall god my day,negative,0.7804301509162365,True
benin people una dey vote at all you guys should work on your water drainage,negative,benin people una dey vote at all you guys should work on your water drainage,negative,0.6040903312187099,True
my guy posted his mom picture and his friend commented o boy u self know this yeye woman she no dey like condom at all she fit drain person na the matter we dey here dey settle since,negative,my guy posted his mom picture and his friend commented o boy u self know this yeye woman she no dey like condom at all she fit drain person na the matter we dey here dey settle since,negative,0.6424056798226659,True
i be the nigga wey go ginger you agali wey go head ball clean my license and focus my eye on you camera man with the head shot no let champagne popper dey dinger you apprentice wey dey learn work o come through give me kiss ogini that red handed,positive,i be the nigga wey go ginger you agali wey go head ball clean my license and focus my eye on you camera man with the head shot no let champagne popper dey dinger you apprentice wey dey learn work o come through give me kiss ogini that red handed,positive,0.6887996805519879,True
i dey whisper this also dont tell anybody oo plenty fine guys dey here too my brother and don tell me b as a veteran,positive,i dey whisper this also dont tell anybody oo plenty fine guys dey here too my brother and don tell me b as a veteran,positive,0.6212400128903868,True
i told them i wasnt pregnant oo but dem wan just collect that k,negative,i told them i wasnt pregnant oo but dem wan just collect that k,negative,0.763636867963273,True
wash the inside of your mouth properly and regularly yansh dey back e get why,positive,wash the inside of your mouth properly and regularly yansh dey back e get why,negative,0.5401962991914354,False
confusion break e bone e yeakpa na double wahala for deadi bodi and the owner of deadi bodi,negative,confusion break e bone e yeakpa na double wahala for deadi bodi and the owner of deadi bodi,negative,0.7598618599126481,True
the way zlatan dey do me ehnnn i for nor dey play your music again oh how can i tag you for post no reply treat your fans nice na k is nothing just write paste your aza na haba,positive,the way zlatan dey do me ehnnn i for nor dey play your music again oh how can i tag you for post no reply treat your fans nice na k is nothing just write paste your aza na haba,positive,0.5233773920667774,True
na the witchcraft part omo e just dawn on me say true dem don turn black witches o,negative,na the witchcraft part omo e just dawn on me say true dem don turn black witches o,negative,0.7384212701904728,True
you go follow go wen he wants that thing,positive,you go follow go wen he wants that thing,negative,0.549852325917457,False
i sew fine cream voil fabric i starch am i reach aose i baff i chop i wear my starched kaftanspray small calvin klein perfume heading out for vigil na so rain start ojo pa mi drip ti lazzdent,negative,i sew fine cream voil fabric i starch am i reach aose i baff i chop i wear my starched kaftanspray small calvin klein perfume heading out for vigil na so rain start ojo pa mi drip ti lazzdent,negative,0.46772022242575545,True
i d all this trend but e funny oh una don lost me sef i d try find myself,negative,i d all this trend but e funny oh una don lost me sef i d try find myself,positive,0.6243977757426225,False
una just won make i dey regret bankiny wit u people weeks now my money never reverse why,negative,una just won make i dey regret bankiny wit u people weeks now my money never reverse why,negative,0.5583503283061806,True
as in better time o me wey i dey find how this my benz money go take complete na to dey go block person wey curse my mama make una do gofundme fa i wan buy benz i don save n and e fit reach n by month end epp me,positive,as in better time o me wey i dey find how this my benz money go take complete na to dey go block person wey curse my mama make una do gofundme fa i wan buy benz i don save n and e fit reach n by month end epp me,positive,0.7029439706038716,True
i disagree i nice sotey people wey dey owe me money no gree pay now a dude is almost cash strapped,negative,i disagree i nice sotey people wey dey owe me money no gree pay now a dude is almost cash strapped,negative,0.642928290646367,True
what amuses u might not amuse me after all basket mouth performs to a sell out crowddis una nobody from ur native is no where close is nonsense,negative,what amuses u might not amuse me after all basket mouth performs to a sell out crowddis una nobody from ur native is no where close is nonsense,negative,0.7800523382812149,True
now na me them dey answer yes sirrespect is reciprocal even though una know say i special,positive,now na me them dey answer yes sirrespect is reciprocal even though una know say i special,positive,0.6103832234879436,True
husband wey dey check wife phone na sars,negative,husband wey dey check wife phone na sars,negative,0.5950403641891358,True
dcode wey tell mulla big word na once mulla go house go think of how to drive e aruba,positive,dcode wey tell mulla big word na once mulla go house go think of how to drive e aruba,neutral,0.5675194573951629,False
mtn dey mad dem don turn scammers they re just sucking our mb anyhow like when mosquitoe suck blood,negative,mtn dey mad dem don turn scammers they re just sucking our mb anyhow like when mosquitoe suck blood,negative,0.7714823132424262,True
bruh don brake e yansh,negative,bruh don brake e yansh,neutral,0.41413241303717657,False
omo she don dey swear for una papa o i hope i dont get blocked by association like this,positive,omo she don dey swear for una papa o i hope i dont get blocked by association like this,negative,0.6273263831657117,False
no mind me jor but im sure the thing pass ex issue im suspecting she had an agreement with that side guy a normal coded guy wont do such he would rather count it as a blessing to dey wipe dey go even after marriage,negative,no mind me jor but im sure the thing pass ex issue im suspecting she had an agreement with that side guy a normal coded guy wont do such he would rather count it as a blessing to dey wipe dey go even after marriage,positive,0.5305682361405186,False
sombody remind these silly women that rachel d beloved wife of jacob di original hebrew died due to childbirth complications after giving birth to benjamin and d hebrew women story was a lie told by d midwives to deceive pharaoh in egypt dey no dey read bible ni,negative,sombody remind these silly women that rachel d beloved wife of jacob di original hebrew died due to childbirth complications after giving birth to benjamin and d hebrew women story was a lie told by d midwives to deceive pharaoh in egypt dey no dey read bible ni,negative,0.7975728595337103,True
abi o my brother me don leave my own for god o i no kuku kukuma like wahalla na only me waka come,positive,abi o my brother me don leave my own for god o i no kuku kukuma like wahalla na only me waka come,negative,0.6401304690428321,False
money for school supply left my account today and ive been in severe pains who send me message to born sef,negative,money for school supply left my account today and ive been in severe pains who send me message to born sef,negative,0.5107842390256756,True
make una come see una uncle o,negative,make una come see una uncle o,negative,0.6411410157895111,True
nah nah e done forget say day like this go pull up head his fmr aig tiff done dey e blood,negative,nah nah e done forget say day like this go pull up head his fmr aig tiff done dey e blood,negative,0.6204409685606739,True
delta state where our own palliative dey na how can people be going shopping and im just home doing nothing,negative,delta state where our own palliative dey na how can people be going shopping and im just home doing nothing,negative,0.5576091612886849,True
today na good friday na may dem share money na,positive,today na good friday na may dem share money na,positive,0.5343505217051511,True
na ballons dem dey play with now boringgggg people,negative,na ballons dem dey play with now boringgggg people,positive,0.48652235297183766,False
at least chelsea fans go dey alright say them dey face ban but you see this my arsenal tosin na only jersey release we just dey celebrate and unnecessary transfer rumors and no be say we dey face ban like this,negative,at least chelsea fans go dey alright say them dey face ban but you see this my arsenal tosin na only jersey release we just dey celebrate and unnecessary transfer rumors and no be say we dey face ban like this,negative,0.5881143219624159,True
to return the brideprice she paid on your head or for new wife wey you dey plan go marry,neutral,to return the brideprice she paid on your head or for new wife wey you dey plan go marry,negative,0.5834995808923981,False
lol wetin this deeone dey form sef abeg dance jor,negative,lol wetin this deeone dey form sef abeg dance jor,negative,0.46554478866157634,True
make i no lie you my dear deep down i like you ooo but im scared that im too good for you your reputation precedes you i dont want a stain on mine as well im a good guy but are you a good lady,negative,make i no lie you my dear deep down i like you ooo but im scared that im too good for you your reputation precedes you i dont want a stain on mine as well im a good guy but are you a good lady,positive,0.6955361574396084,False
na baba dey smoke na babe dey high which one be swat again,positive,na baba dey smoke na babe dey high which one be swat again,negative,0.5785850406705625,False
abeg you fit give me your baba number me sef wan do ritual o,negative,abeg you fit give me your baba number me sef wan do ritual o,positive,0.9084463463102893,False
e don be for me oeven ncdc weh been deh care for me don finally forget mebaba god na your hand i deh o,negative,e don be for me oeven ncdc weh been deh care for me don finally forget mebaba god na your hand i deh o,positive,0.6017652125064775,False
my dear the whole scenario of the wedding sef get as e be nobody knows how dey take jam na so so different version we hear kawai dai haduwan social media ne kuma abun har da kariya su ke ta wa juna anyway shebi everybody don hands off now namu sai dai kalo,negative,my dear the whole scenario of the wedding sef get as e be nobody knows how dey take jam na so so different version we hear kawai dai haduwan social media ne kuma abun har da kariya su ke ta wa juna anyway shebi everybody don hands off now namu sai dai kalo,negative,0.706700947417558,True
lol i left all to follow him bro na only food i dey chop now,positive,lol i left all to follow him bro na only food i dey chop now,negative,0.6158915756975789,False
wahala for who dey toast babe now o they key word is send me your aza make i wire u u go dey shyke dey form love i pity u sha,negative,wahala for who dey toast babe now o they key word is send me your aza make i wire u u go dey shyke dey form love i pity u sha,positive,0.4839180610921313,False
na go visit this one if to say na my money be like say you dey crase,negative,na go visit this one if to say na my money be like say you dey crase,negative,0.7573443688417556,True
yoruba people like anything owambe i stan we just dey look una like ehn ehn wetin una dey do we dey wait for una in lagos ooo,positive,yoruba people like anything owambe i stan we just dey look una like ehn ehn wetin una dey do we dey wait for una in lagos ooo,positive,0.4744873658812042,True
anywhere there is enjoyment this easter period please call me na beg i dey beg na only one life dey,positive,anywhere there is enjoyment this easter period please call me na beg i dey beg na only one life dey,negative,0.5515475056812592,False
lmao people don dey defend project for biz ad but i still dey chapter this is the real god when,negative,lmao people don dey defend project for biz ad but i still dey chapter this is the real god when,negative,0.52007305817905,True
all these over games can be very annoying when goals arent coming forth na to play double chance either or x at your discretion be the way but e go still cut if e go cut,negative,all these over games can be very annoying when goals arent coming forth na to play double chance either or x at your discretion be the way but e go still cut if e go cut,negative,0.5061945743201794,True
k as e dey hot,positive,k as e dey hot,positive,0.7823661559182519,True
march is going to be so lit for me both my babies would be home down side na say i go dey cook like say i dey run restaurant but i loooooveeee that kendra and her father will be home same time,positive,march is going to be so lit for me both my babies would be home down side na say i go dey cook like say i dey run restaurant but i loooooveeee that kendra and her father will be home same time,positive,0.5826754448358333,True
them tell am may your sons be like ozo and she provoke nor be if you like the behavior you no suppose vex na,negative,them tell am may your sons be like ozo and she provoke nor be if you like the behavior you no suppose vex na,negative,0.647771867828601,True
only one person is go ne evicted its lyk dis na ur first time of watching bbnaija,neutral,only one person is go ne evicted its lyk dis na ur first time of watching bbnaija,negative,0.5588766853128865,False
this one this man tenant just dey give me drinks since last week hmmm e say e get wetin we go discuss humans they dont give without something in return,negative,this one this man tenant just dey give me drinks since last week hmmm e say e get wetin we go discuss humans they dont give without something in return,negative,0.6261535352942611,True
lmao na only reason i fit reason am na there e stop,neutral,lmao na only reason i fit reason am na there e stop,neutral,0.7863386988052744,True
say emmanuel change e name no mean say e don stop to dey thief,negative,say emmanuel change e name no mean say e don stop to dey thief,negative,0.7557532890589522,True
hop yall still streaming u need to hear this gbedu use the link above by ft go stream now lov u e no go cost a dollar to retweet u,positive,hop yall still streaming u need to hear this gbedu use the link above by ft go stream now lov u e no go cost a dollar to retweet u,positive,0.4132525723927491,True
who is doing who i don mumu myself before sha i go still send her money before i came back mama don get belle tragic,positive,who is doing who i don mumu myself before sha i go still send her money before i came back mama don get belle tragic,negative,0.6506001457065849,False
that time wey caragher dey play wetin he achieved,negative,that time wey caragher dey play wetin he achieved,neutral,0.5914297720341917,False
read this with keen interest thinking its going to make sense at the end wetin be this,negative,read this with keen interest thinking its going to make sense at the end wetin be this,negative,0.557511871927186,True
done ive been begging since three weeks make una help me beg cus pple will just comment once and they get credited abeg boss wetin dey occur k for me no go shake your account usman mubarak eco bank pls,negative,done ive been begging since three weeks make una help me beg cus pple will just comment once and they get credited abeg boss wetin dey occur k for me no go shake your account usman mubarak eco bank pls,negative,0.533819691387317,True
i dont really like when a guy will always want u to chat him up all the time oga me i no well i delete ur number no come dey do yanga for me i am very busy lady benin ladies no get time so if u won dey act like say u no dey shit oga i delete and block u join,negative,i dont really like when a guy will always want u to chat him up all the time oga me i no well i delete ur number no come dey do yanga for me i am very busy lady benin ladies no get time so if u won dey act like say u no dey shit oga i delete and block u join,negative,0.794483767535061,True
na their ministry be thatawon alabodo dedehausa girls and correct knacks are like anddem no dey wear pant sef to make it easy,negative,na their ministry be thatawon alabodo dedehausa girls and correct knacks are like anddem no dey wear pant sef to make it easy,negative,0.7021899254591984,True
okayno worry jor shey dem sef no go like dey alright this night ni,positive,okayno worry jor shey dem sef no go like dey alright this night ni,negative,0.7376177047037001,False
pls id start sharing my vlog and thought leadership stuff here soon abeg make una dey epp me retweet so my future children go fit chop thanks and god bless u,positive,pls id start sharing my vlog and thought leadership stuff here soon abeg make una dey epp me retweet so my future children go fit chop thanks and god bless u,positive,0.729745983246903,True
who go con dey gist with me,negative,who go con dey gist with me,positive,0.4443485206441336,False
id rather starve than to eat rice one more time again waiz this na shey na crime i do to come visit una haba,negative,id rather starve than to eat rice one more time again waiz this na shey na crime i do to come visit una haba,negative,0.7924649622971734,True
how far na wetin dey maximize,positive,how far na wetin dey maximize,neutral,0.7842969698320593,False
na wah oh gbenga,negative,na wah oh gbenga,negative,0.6150966353271823,True
lol you have a point bro if fela sef dey like this wey him dey fight for them dem go drag am join,negative,lol you have a point bro if fela sef dey like this wey him dey fight for them dem go drag am join,negative,0.6521943690666404,True
na so una dey take fail exam,negative,na so una dey take fail exam,negative,0.6327611097394493,True
to be a marlian na stress o my trousers just dey fall from my waist since wetin sef,negative,to be a marlian na stress o my trousers just dey fall from my waist since wetin sef,negative,0.4854939672872486,True
curve your life pieces you no go even show for their snapchat so so food dem go dey snap me sef like foto too nau,negative,curve your life pieces you no go even show for their snapchat so so food dem go dey snap me sef like foto too nau,negative,0.7093288749741881,True
loyal to my childhood brands you cant catch me buy or drink pepsi or their products my mum was a distributor of coke products when i dey small na bournvita i still dey buy with peak milk e dey hard me to change my brands anyway na city be my second tram this season,positive,loyal to my childhood brands you cant catch me buy or drink pepsi or their products my mum was a distributor of coke products when i dey small na bournvita i still dey buy with peak milk e dey hard me to change my brands anyway na city be my second tram this season,positive,0.48801199981169885,True
reflecting over some of my most treasured moments thank you we still g r i n d i n g n i n e a w a r d s one h e l e n a its an incredibly amazing,negative,reflecting over some of my most treasured moments thank you we still g r i n d i n g n i n e a w a r d s one h e l e n a its an incredibly amazing,positive,0.8183066979436517,False
if you insult me on your tl concerning this matter na you e go catch ó if you say mad na you be mad etc,negative,if you insult me on your tl concerning this matter na you e go catch ó if you say mad na you be mad etc,positive,0.511237700240887,False
baba don chop mama mboti beans till e no fit forget her,positive,baba don chop mama mboti beans till e no fit forget her,negative,0.6853149073756067,False
this one na normal thing for street na,neutral,this one na normal thing for street na,negative,0.5678613335558719,False
its coolest wen money dey,positive,its coolest wen money dey,positive,0.7211534817174131,True
k wey no go reach anything na y some no dey come office during the previous money back in sch playing whot like k don go on the spot,negative,k wey no go reach anything na y some no dey come office during the previous money back in sch playing whot like k don go on the spot,negative,0.8134805243091383,True
im in tears guys see how my customer is rocking her bag she made me so happy with this picture e choke abi e no choke lagos nigeria,negative,im in tears guys see how my customer is rocking her bag she made me so happy with this picture e choke abi e no choke lagos nigeria,positive,0.6256166738925149,False
make una dey try to pay debt abeg ‍️,negative,make una dey try to pay debt abeg ️,positive,0.44635920564652987,False
my airtel just off for like minute i don dey think say dem don block me,negative,my airtel just off for like minute i don dey think say dem don block me,negative,0.547913581519998,True
bro i don over emerging this moving thing sotay i don enter canada the fucked up thing is i don beat police for the imagination and now i dey station stuck in one place in the imagination come and rescue your brother pls,negative,bro i don over emerging this moving thing sotay i don enter canada the fucked up thing is i don beat police for the imagination and now i dey station stuck in one place in the imagination come and rescue your brother pls,negative,0.6093969826588641,True
aswear you see ehnn those kind people wey dey capture show and dey shake their hand we viewers no like am,positive,aswear you see ehnn those kind people wey dey capture show and dey shake their hand we viewers no like am,negative,0.6325827253232187,False
im in tears guys see how my customer rocked her bag she made me so happy with this picture e choke abi e no choke ikeja,negative,im in tears guys see how my customer rocked her bag she made me so happy with this picture e choke abi e no choke ikeja,positive,0.5724198039087633,False
the thing dey funny you go get senior sister for house you go dey play when dem never sweep floor dem born you well say you never wash plate you dey watch tv who dey wash cars who dey clear compound for those wey not get tap who dey go fetch water,negative,the thing dey funny you go get senior sister for house you go dey play when dem never sweep floor dem born you well say you never wash plate you dey watch tv who dey wash cars who dey clear compound for those wey not get tap who dey go fetch water,negative,0.6044218925701373,True
any small thing na loss play win opponent retire na refund play win your player retires na loss,negative,any small thing na loss play win opponent retire na refund play win your player retires na loss,positive,0.5546429603368532,False
put it in rap bro bars don tire vector na to dey leak dm,negative,put it in rap bro bars don tire vector na to dey leak dm,negative,0.8367919617503183,True
whenever i see fine girls picture on the tl i retweet and drop a comment sharperly sharperly e no easy to be a fine girl abeg,positive,whenever i see fine girls picture on the tl i retweet and drop a comment sharperly sharperly e no easy to be a fine girl abeg,positive,0.5485511198614647,True
so at this sweet juncture its time to attack the third task of s programming money lots of it that root of all evil wey dem dey hide i don buy shovel for am oddyandoddreamythe economist‍️,positive,so at this sweet juncture its time to attack the third task of s programming money lots of it that root of all evil wey dem dey hide i don buy shovel for am oddyandoddreamythe economist️,negative,0.637123607540219,False
me self wey read am just dey here dey laugh,positive,me self wey read am just dey here dey laugh,positive,0.5376092124045492,True
anybody wey dey do birthday now na prayers i go send,positive,anybody wey dey do birthday now na prayers i go send,positive,0.6897415708862317,True
walahi dis diamond n access bank merger is not making sense to me how n to think am now an access bank customer how dat bank i no dey feel dere service at all there staff always looking boring or not smiling dozie u no try oh my diamond,negative,walahi dis diamond n access bank merger is not making sense to me how n to think am now an access bank customer how dat bank i no dey feel dere service at all there staff always looking boring or not smiling dozie u no try oh my diamond,negative,0.42084847407989484,True
if theres another level higher than trending nasty blaq go don dey there make una take ᵃ̲ᵐ̲ easy abegdepression is real just like everybody get the guy for mindsome people are just mercilessabeg,negative,if theres another level higher than trending nasty blaq go don dey there make una take a̲m̲ easy abegdepression is real just like everybody get the guy for mindsome people are just mercilessabeg,positive,0.5526805483046856,False
one day i go get the kind money wey i go travel from anambra enter your shop drink champagne shey you dey serve sidon eat amala as dey wrap my boxes,positive,one day i go get the kind money wey i go travel from anambra enter your shop drink champagne shey you dey serve sidon eat amala as dey wrap my boxes,positive,0.8105831535139228,True
the house wey he dey scot now,neutral,the house wey he dey scot now,negative,0.4829527648096175,False
the guy tell us say him don go heaven dey chop shawarma,negative,the guy tell us say him don go heaven dey chop shawarma,negative,0.6663775725524956,True
inspiration sef left you you answered the wrong call man,negative,inspiration sef left you you answered the wrong call man,negative,0.4762655592733055,True
e no go better for the dg and his workers una think say na only una get plans abi,negative,e no go better for the dg and his workers una think say na only una get plans abi,negative,0.574721041998135,True
the only bone straight i can afford now wahala for who no fit buy bone straight this december oo,negative,the only bone straight i can afford now wahala for who no fit buy bone straight this december oo,negative,0.7542546259391337,True
me i cant wait to leave dis sch na passport be dis abi warris dis one again nsuk wil not kill person haba,negative,me i cant wait to leave dis sch na passport be dis abi warris dis one again nsuk wil not kill person haba,negative,0.8031497971139673,True
most anticipated mr p show ur boi love na me self wan use iphone even if na second hand,positive,most anticipated mr p show ur boi love na me self wan use iphone even if na second hand,positive,0.6924349550180554,True
but e get as una dy shoot am out like this especially when on a short gown we don see the one wy no reach ur own na and e make sense,positive,but e get as una dy shoot am out like this especially when on a short gown we don see the one wy no reach ur own na and e make sense,positive,0.47987451782645585,True
all i want for christmas to follow back oooh bbs for the win im even speechless rn na she mayorkun sang drama queen forthis one go call pesin papa,positive,all i want for christmas to follow back oooh bbs for the win im even speechless rn na she mayorkun sang drama queen forthis one go call pesin papa,negative,0.5319351710369068,False
person no even fit stand this one dy shout stand fit,positive,person no even fit stand this one dy shout stand fit,negative,0.9035471874955266,False
man o man beautiful girls choke this twitter o ahhhhhhh my phone don dey lag cos some of the photos dey heavy before loading bless you guys,positive,man o man beautiful girls choke this twitter o ahhhhhhh my phone don dey lag cos some of the photos dey heavy before loading bless you guys,positive,0.7258559484467716,True
so wetin em be he cover faceso na masquerade nah,negative,so wetin em be he cover faceso na masquerade nah,negative,0.44559097068144965,True
good evening my people how una dey cope with the rain anyways na gods blessing lets enjoy it while it last kindly swipe left to view size dm| tap into the link in bio wealways deliver,positive,good evening my people how una dey cope with the rain anyways na gods blessing lets enjoy it while it last kindly swipe left to view size dm| tap into the link in bio wealways deliver,positive,0.5758618035463958,True
fine girl wey dey chop mouth,positive,fine girl wey dey chop mouth,negative,0.4630273635771931,False
walahi sirtable wey b say na only nupe people dey on top dem wan carry gwari put,negative,walahi sirtable wey b say na only nupe people dey on top dem wan carry gwari put,negative,0.6799137951482377,True
just a night sleeping without pillows my neck is stiff i cant even turn it e be like say e don break you people that sleep and wake up comfortably without pillows how do you do it,negative,just a night sleeping without pillows my neck is stiff i cant even turn it e be like say e don break you people that sleep and wake up comfortably without pillows how do you do it,negative,0.9151648652489899,True
i hear say all the matter wey dem put table dem settle am na only bobrisky matter dem no fit settle,negative,i hear say all the matter wey dem put table dem settle am na only bobrisky matter dem no fit settle,negative,0.8042972824794556,True
you wey originate the question nko o but na good question sha make you try cc me when u don get the answer,positive,you wey originate the question nko o but na good question sha make you try cc me when u don get the answer,positive,0.7953371678709209,True
abegii make dem run tests sharply make we no go dey hear another case of weda na zoonotic disease or not,negative,abegii make dem run tests sharply make we no go dey hear another case of weda na zoonotic disease or not,negative,0.44883948136545926,True
oboy if you no fit control yourself buy cream no go dey disgrace another person pikin,negative,oboy if you no fit control yourself buy cream no go dey disgrace another person pikin,negative,0.4803339254687788,True
be like the men wey dey like this tweet no understand wetin i mean abeg nau,negative,be like the men wey dey like this tweet no understand wetin i mean abeg nau,negative,0.6081478828581399,True
dem go soon pursue me for heremy complain don dey too much,negative,dem go soon pursue me for heremy complain don dey too much,negative,0.6327426791386968,True
abeg where una dey see this kind love,positive,abeg where una dey see this kind love,positive,0.7254936363136734,True
how far omo ologo we dey argument background like this ooo safe your boi i beg just simple question i beg how round you fit do cause me don put my client nunber on top you say you fit do round with nice tone,negative,how far omo ologo we dey argument background like this ooo safe your boi i beg just simple question i beg how round you fit do cause me don put my client nunber on top you say you fit do round with nice tone,positive,0.6556741239183281,False
abeg who dey village make we socialize area too dry,positive,abeg who dey village make we socialize area too dry,negative,0.4069629330635123,False
see this debby geh na spec her face na like but her body na solid taaaaaah the geh set die,positive,see this debby geh na spec her face na like but her body na solid taaaaaah the geh set die,positive,0.7476984972051737,True
abobithe picture too fine you don put am everywhere and na wetin i been plan post on your birthday,positive,abobithe picture too fine you don put am everywhere and na wetin i been plan post on your birthday,positive,0.6479609028405144,True
d justice dem sef nor b pikins na dem b d real strong men,positive,d justice dem sef nor b pikins na dem b d real strong men,negative,0.6110958634256644,False
e don happen oooo wife call police to arrest her husband side chick police reach there the side chick na dpo wife kam baikwa,negative,e don happen oooo wife call police to arrest her husband side chick police reach there the side chick na dpo wife kam baikwa,negative,0.490164171017641,True
i for talk say e no do pass this one lol but abeg i no be e mate e passs me biko,negative,i for talk say e no do pass this one lol but abeg i no be e mate e passs me biko,negative,0.665514981050504,True
lolbut has taught us that what pple r during campaign r not wot dey remain b wen dey win,negative,lolbut has taught us that what pple r during campaign r not wot dey remain b wen dey win,negative,0.5208691101254206,True
every year them dey knack dis hamburg wetin sef,negative,every year them dey knack dis hamburg wetin sef,negative,0.5109757713235141,True
fine boy like stayboy dem no they rush nike na nike dey rush am,positive,fine boy like stayboy dem no they rush nike na nike dey rush am,positive,0.5446184867341787,True
why you carry him go up like this person wey dey up now use him own hand run himself down now you dey raise am high biko na otecefa him be or otecedis gan sef,negative,why you carry him go up like this person wey dey up now use him own hand run himself down now you dey raise am high biko na otecefa him be or otecedis gan sef,negative,0.7605215751805241,True
happy birthday adaeze billie aka dezibillions my last resort for inquiries on event planning things na madam ndi oga o ji smile e jide umu boys madam kee ebe m ga e meeti gi,positive,happy birthday adaeze billie aka dezibillions my last resort for inquiries on event planning things na madam ndi oga o ji smile e jide umu boys madam kee ebe m ga e meeti gi,positive,0.5234417072219587,True
how far brother e don tey ooo hope life is treating you well,positive,how far brother e don tey ooo hope life is treating you well,positive,0.6282934398987877,True
nope rosicky na reus idol if we fit buy am e go like wear rosicky jersey,positive,nope rosicky na reus idol if we fit buy am e go like wear rosicky jersey,positive,0.5037398248313565,True
prevention is better than cure but this lock down no go work because na wen man comot na him man go chop this post is for those politicians just like una gave us rice salt and made tshirt during campaign,negative,prevention is better than cure but this lock down no go work because na wen man comot na him man go chop this post is for those politicians just like una gave us rice salt and made tshirt during campaign,negative,0.6602350408632288,True
so dog dey pass out how you go blow dog just because hin want bite you dem dey fan bingo dey pour am water person dn go buy milk,positive,so dog dey pass out how you go blow dog just because hin want bite you dem dey fan bingo dey pour am water person dn go buy milk,negative,0.7194213607213866,False
apparently yall dont get it some grooms can actually afford to surprise their bride with her fav buh it doesnt cross their mind thats what that tweet was bout not this yrs reasoning una dey bring,negative,apparently yall dont get it some grooms can actually afford to surprise their bride with her fav buh it doesnt cross their mind thats what that tweet was bout not this yrs reasoning una dey bring,negative,0.6842551200240081,True
omo if you see as one babe dey shout trust aunty seun to act like why is that aunty screaming shes not in her house me i just dey see dey look how this guys wan break my heart a who tchalla gone,negative,omo if you see as one babe dey shout trust aunty seun to act like why is that aunty screaming shes not in her house me i just dey see dey look how this guys wan break my heart a who tchalla gone,negative,0.8079251449210283,True
maybe him don jam talk again you sabi say the guy sabi spew okoto,negative,maybe him don jam talk again you sabi say the guy sabi spew okoto,positive,0.4698919544684908,False
i don marry for dia ni,positive,i don marry for dia ni,negative,0.4135967078283016,False
na so na so na so,neutral,na so na so na so,neutral,0.6019200444141072,True
guyyyyy i go dey open mouth dey sleep i go dey open mouth watch film i go dey open mouth dey smile see ehn no just worry my handle go change to king of smiles,positive,guyyyyy i go dey open mouth dey sleep i go dey open mouth watch film i go dey open mouth dey smile see ehn no just worry my handle go change to king of smiles,negative,0.4612910966895885,False
klopp tolerates his bs na why e dey continue dey do the rubbish when e dey do jose mourinho would have sold him or benched him by now,negative,klopp tolerates his bs na why e dey continue dey do the rubbish when e dey do jose mourinho would have sold him or benched him by now,negative,0.7848327418580021,True
swipe boohooman tie dye ss tshirt‍️ price n̶ now n off color blue size m dm to order shakarashop online shop wen sabi you sef go dey do shakara warri nigeria,positive,swipe boohooman tie dye ss tshirt️ price n̶ now n off color blue size m dm to order shakarashop online shop wen sabi you sef go dey do shakara warri nigeria,positive,0.8733420673035135,True
lol yes na see the yab abii joke wey he give timaya i wan cry ehn,negative,lol yes na see the yab abii joke wey he give timaya i wan cry ehn,negative,0.5738472402312055,True
so na twitter for iphone i dey see under your tweets abi u wey dey criticize apple wetin change your mind bruh so las las you owned one congrats on board,positive,so na twitter for iphone i dey see under your tweets abi u wey dey criticize apple wetin change your mind bruh so las las you owned one congrats on board,negative,0.45774679777972166,False
if only osinbajo fit try a bit baba just attempt to try,positive,if only osinbajo fit try a bit baba just attempt to try,positive,0.5851615264434993,True
uk used is ok but them dey be like bogofbuy one get one freemost likely them don get like one or babymamayou see the nigerian used them fit no get babymama when you meet them but anything le shele any focking time,negative,uk used is ok but them dey be like bogofbuy one get one freemost likely them don get like one or babymamayou see the nigerian used them fit no get babymama when you meet them but anything le shele any focking time,negative,0.5847877818831084,True
hahahaha na my account wey no balance o e dey give me sleepless nights,negative,hahahaha na my account wey no balance o e dey give me sleepless nights,positive,0.5291461314506696,False
sir ken movie go fit me o make una help me help my spirit i don dey dream this dream for a long time now make someone wake me for this dream but before u wake me make sure na reality oo i tire,positive,sir ken movie go fit me o make una help me help my spirit i don dey dream this dream for a long time now make someone wake me for this dream but before u wake me make sure na reality oo i tire,positive,0.7391748879328093,True
this guy ehn e say na guinea pig experiment,positive,this guy ehn e say na guinea pig experiment,negative,0.49361951196903664,False
i dont know if its me but i no fit run agenda wey my woman nor dey comfortable with she nor like am i go stfu,positive,i dont know if its me but i no fit run agenda wey my woman nor dey comfortable with she nor like am i go stfu,negative,0.5969284903220989,False
whatever you do in life dont be part of those sitting at the overflow in church e just dey like say you dey listen to audio message im fuming at myself right now,negative,whatever you do in life dont be part of those sitting at the overflow in church e just dey like say you dey listen to audio message im fuming at myself right now,negative,0.624797089987435,True
nna ehnn im just tired the thing don dey do me like near success syndrome cause im looking at my money rn,positive,nna ehnn im just tired the thing don dey do me like near success syndrome cause im looking at my money rn,negative,0.6770517433920359,False
i dey hear una scores una do well oh,positive,i dey hear una scores una do well oh,negative,0.3768251240811633,False
these ones don comot the remaining naira wey dey my account nice one sapa nice one,negative,these ones don comot the remaining naira wey dey my account nice one sapa nice one,negative,0.6768846729131701,True
coming from a person i know is extra brilliantnow im scared egbon dat slot still deysebi im your brother too may allah ease for you your affairs,positive,coming from a person i know is extra brilliantnow im scared egbon dat slot still deysebi im your brother too may allah ease for you your affairs,negative,0.48400971226226147,False
na wah oh which crime i commit wey you go come tie me like this dey flog,negative,na wah oh which crime i commit wey you go come tie me like this dey flog,negative,0.8136372720445003,True
this people wan finish my yellow and nude oo anyways i dey book your session,negative,this people wan finish my yellow and nude oo anyways i dey book your session,negative,0.5701666790572016,True
everytime this shade is thrown e dey pain,negative,everytime this shade is thrown e dey pain,negative,0.7930671616637919,True
let me add that its a crime to wear face caps they don stop me finish before dem see say na boygirl i be because i was wearing a facecap and bent my head over my phone that looks ezally like an iphone,negative,let me add that its a crime to wear face caps they don stop me finish before dem see say na boygirl i be because i was wearing a facecap and bent my head over my phone that looks ezally like an iphone,negative,0.8502457366987325,True
you fit manage for akara and bread if yes dm your azar,positive,you fit manage for akara and bread if yes dm your azar,positive,0.7698332750812739,True
some people fit nor understand me sha based say i dey on wisdom grass as i dey smoke this write as i dey write this tweet but nor worry if you nor fit reason am nor stress yourself just like and retweet am before you go,positive,some people fit nor understand me sha based say i dey on wisdom grass as i dey smoke this write as i dey write this tweet but nor worry if you nor fit reason am nor stress yourself just like and retweet am before you go,positive,0.6681914344333589,True
na girl wey no get good character dey fear mother inlaw,negative,na girl wey no get good character dey fear mother inlaw,negative,0.7178792475366882,True
she started taking this pyhto collagen weeks ago last night she sent some pictures and even videos choi na this kin customer get mansion for heaven abeg who dey breeeet because this one chock e restrict my airflow gannnnn shes my special ️️️,positive,she started taking this pyhto collagen weeks ago last night she sent some pictures and even videos choi na this kin customer get mansion for heaven abeg who dey breeeet because this one chock e restrict my airflow gannnnn shes my special ️️️,negative,0.5035078903701079,False
na one unfortunate person e go b na wetin u expect,negative,na one unfortunate person e go b na wetin u expect,negative,0.5553789496787053,True
na small be this wey don ready for them i love this,positive,na small be this wey don ready for them i love this,positive,0.8282683402389425,True
he was asked are you a hard guy next he did this ️and i told him ooooo no dey do like that alaye no dey do like that now dem don turn him sharpness to mugun song title ballerz,positive,he was asked are you a hard guy next he did this ️and i told him ooooo no dey do like that alaye no dey do like that now dem don turn him sharpness to mugun song title ballerz,negative,0.9107009078212558,False
this particular freestyle i no know the spirit just enter my body as rain dey beat me dey come house this night na the king himself and chef chi inspire this freestyle o thank you king and queen,positive,this particular freestyle i no know the spirit just enter my body as rain dey beat me dey come house this night na the king himself and chef chi inspire this freestyle o thank you king and queen,positive,0.5028998151536545,True
simi you don chop block ehen please abeg when are we going out biko,negative,simi you don chop block ehen please abeg when are we going out biko,positive,0.50913770778498,False
na abuja u go see church wey den won share rice and knw member go come outbig man church,positive,na abuja u go see church wey den won share rice and knw member go come outbig man church,negative,0.4798991921741665,False
this lady ib band sabi the work chaii music wey dey sweet for body,positive,this lady ib band sabi the work chaii music wey dey sweet for body,positive,0.8614460115841688,True
omo na so i go help person set him system and put software finish come mistakenly format the hard drive na we dey settle since ooo,negative,omo na so i go help person set him system and put software finish come mistakenly format the hard drive na we dey settle since ooo,negative,0.6814974936341864,True
true love story this one is for you you you and you baba don enjoy na same situation me and you dey but no worry the man above go help us,positive,true love story this one is for you you you and you baba don enjoy na same situation me and you dey but no worry the man above go help us,positive,0.5251719741849772,True
una wey dey receive salary before month end dey enjoy o na whenever we see,positive,una wey dey receive salary before month end dey enjoy o na whenever we see,positive,0.5433777359468547,True
the numbers of snake wen them use take act snakes in the plane na go swallow una destiny wen una don arrange,negative,the numbers of snake wen them use take act snakes in the plane na go swallow una destiny wen una don arrange,negative,0.4748826716012735,True
good evening maam we can help with the massage na the work wey we dey do,positive,good evening maam we can help with the massage na the work wey we dey do,positive,0.704492854589605,True
na so sterling go soon de chop bench,negative,na so sterling go soon de chop bench,neutral,0.4870431246238021,False
we the aaswe no dey select genotypena dem dey rush us,positive,we the aaswe no dey select genotypena dem dey rush us,positive,0.5237907755344926,True
see the mumu wey follow ronaldo fly e think say na mumu like ham him dey challenge,negative,see the mumu wey follow ronaldo fly e think say na mumu like ham him dey challenge,negative,0.6313981367344516,True
after how long our judiciary i just dey look una,negative,after how long our judiciary i just dey look una,neutral,0.40114589261683486,False
i want all you vendors out here to know that if i had money youll all know me to be your customer youll all know my name im sorry already but then im hopeful when the money come we dey buy anything,positive,i want all you vendors out here to know that if i had money youll all know me to be your customer youll all know my name im sorry already but then im hopeful when the money come we dey buy anything,positive,0.5802285487998483,True
$m change go remain sef we fit share balance give ghanaians $m each change go still remain we go dash beninoise the remain change,positive,$m change go remain sef we fit share balance give ghanaians $m each change go still remain we go dash beninoise the remain change,positive,0.6883853525248547,True
as twitter say i no fit follow back peopleagain now wetin dem gain ️,negative,as twitter say i no fit follow back peopleagain now wetin dem gain ️,negative,0.6984374311430949,True
make una help me see erring dis bae use my song dey do oyibo life style and swag banging,positive,make una help me see erring dis bae use my song dey do oyibo life style and swag banging,positive,0.7215161048561666,True
na joke oo wetin i wan do with +,negative,na joke oo wetin i wan do with +,positive,0.5999890747389324,False
support football club you say na soup you wan dey support,negative,support football club you say na soup you wan dey support,positive,0.6460573087731499,False
i don baff like times and its not yet pm yet come imagine some people go still dey knack inside this kind weather o,negative,i don baff like times and its not yet pm yet come imagine some people go still dey knack inside this kind weather o,negative,0.8096935897386546,True
lmaoo na only him dem dey miscomprehend only him,negative,lmaoo na only him dem dey miscomprehend only him,neutral,0.5025599945266724,False
i don find a good tattoo guynah money for the tattoo i dey find abeg nah help a sister help me retweet guys,negative,i don find a good tattoo guynah money for the tattoo i dey find abeg nah help a sister help me retweet guys,positive,0.7900236584878995,False
arsenal abeg vex pull out biko,negative,arsenal abeg vex pull out biko,negative,0.7858589085547747,True
omo josh e be like say i don jinx am o our light don spoil since yesterday evening,negative,omo josh e be like say i don jinx am o our light don spoil since yesterday evening,negative,0.5232161258489298,True
lmao una dey ment for this app tbh una no sabi hide mouth,negative,lmao una dey ment for this app tbh una no sabi hide mouth,negative,0.9421662961702942,True
im sure this isnt me and e dey pain sha but aii we move,negative,im sure this isnt me and e dey pain sha but aii we move,negative,0.477245051549847,True
habibi fc would be on a roll championed by their able president mans jazzz is strong oo first emery now raul abeg make una carry me to una man make him cook for me na,positive,habibi fc would be on a roll championed by their able president mans jazzz is strong oo first emery now raul abeg make una carry me to una man make him cook for me na,positive,0.5989170371594891,True
imo i dey follow one babe talk yesterday my head just dey pain me like pretty babe no go dey smart rara,negative,imo i dey follow one babe talk yesterday my head just dey pain me like pretty babe no go dey smart rara,negative,0.6881237374424078,True
lmaoooooo that agenda na from una coven,negative,lmaoooooo that agenda na from una coven,negative,0.40702450575214066,True
shitttttttt tried to clean my ears with an earbud and i think i pushed the wax further in my right ear don deaf oo abeg where the doctors for my tl im panicking,negative,shitttttttt tried to clean my ears with an earbud and i think i pushed the wax further in my right ear don deaf oo abeg where the doctors for my tl im panicking,negative,0.5641616037927688,True
some giveaways will have you waste gb of data and end in tears do giveaway if you wan do i no get data to watch series of youtube videos and instagram videos because of giveaway wey i no go win las las,negative,some giveaways will have you waste gb of data and end in tears do giveaway if you wan do i no get data to watch series of youtube videos and instagram videos because of giveaway wey i no go win las las,negative,0.8871180110999473,True
i dey give this guy michael jackson view this video just proved otherwise nigga be sounding like chibuzo wey dey sell provision see igbotic intonation,negative,i dey give this guy michael jackson view this video just proved otherwise nigga be sounding like chibuzo wey dey sell provision see igbotic intonation,negative,0.5127401983315769,True
but dem dey collect gbas gbos na e no matter ore mi,negative,but dem dey collect gbas gbos na e no matter ore mi,negative,0.528476504508076,True
my mum can cobalize shaso im on the phone with her me how are you mum im fine im getting ready for my uncles burial your grandad is here o me abeg his talks are long ill call you later mum with a loud voice lisa you dont want to talk to your grandpa,negative,my mum can cobalize shaso im on the phone with her me how are you mum im fine im getting ready for my uncles burial your grandad is here o me abeg his talks are long ill call you later mum with a loud voice lisa you dont want to talk to your grandpa,positive,0.6231244541291076,False
na dat one even still dey suprise me as i dey pious n peaceful so,positive,na dat one even still dey suprise me as i dey pious n peaceful so,positive,0.5194959480216327,True
you no jam am during the scare period which kain drugs i nor prescribe for that boy at least e go dey see skyscraper for where e dey now,negative,you no jam am during the scare period which kain drugs i nor prescribe for that boy at least e go dey see skyscraper for where e dey now,negative,0.5763058240078875,True
i don de look one babe like that sinceee but as i no get money she say i de creepy,negative,i don de look one babe like that sinceee but as i no get money she say i de creepy,negative,0.587959723722469,True
this is a huge lie they are busy doing stop and search abeg make una no dey give us lamba,negative,this is a huge lie they are busy doing stop and search abeg make una no dey give us lamba,negative,0.6603640358445775,True
yo girlfriend disrespects yo friends yet you go ahead to marry herna u sabi,negative,yo girlfriend disrespects yo friends yet you go ahead to marry herna u sabi,negative,0.5935554318593584,True
me i no dey like dey folllw una argue for twitter make we drop location meet do wetin we won do not here twitter jackie chan,negative,me i no dey like dey folllw una argue for twitter make we drop location meet do wetin we won do not here twitter jackie chan,negative,0.5067710673550104,True
no be if we cum win am now sars dem go carry us abeg make we st b we win am xo dat we fit use am well tnkx,negative,no be if we cum win am now sars dem go carry us abeg make we st b we win am xo dat we fit use am well tnkx,positive,0.7850953126028384,False
taxify and uber needs to sensitize their drivers on the need to smell good at all times if they are not interested in their own hygiene they should at least smell good for their consumers e remain small motor go show una fit dey do anyhow then but until then pirri me,negative,taxify and uber needs to sensitize their drivers on the need to smell good at all times if they are not interested in their own hygiene they should at least smell good for their consumers e remain small motor go show una fit dey do anyhow then but until then pirri me,negative,0.6677124727873248,True
as the club manager dat iyam na,negative,as the club manager dat iyam na,positive,0.4891067121992199,False
wetin i do una so them dey keep friendshipwell do ur tinno wahala,negative,wetin i do una so them dey keep friendshipwell do ur tinno wahala,negative,0.6676975419638811,True
which kain hubby be dis wey i get kwanu lawwwd goddissolve dis marriage abeg,negative,which kain hubby be dis wey i get kwanu lawwwd goddissolve dis marriage abeg,neutral,0.42798451495080964,False
this my neighbor don on hin generator again i no go fit sleep again,negative,this my neighbor don on hin generator again i no go fit sleep again,negative,0.7100359244746125,True
